# name,mass,mass_sini,radius,orbital_period,semi_major_axis,eccentricity,inclination,angular_distance,omega,impact_parameter,temp_calculated,temp_measured,geometric_albedo,log_g,star_name,ra,dec,mag_v,mag_i,mag_j,mag_h,mag_k,star_distance,star_metallicity,star_mass,star_radius,star_sp_type,star_age,star_teff,star_detected_disc,star_magnetic_field
11 UMi b,10.5,10.5,0,516.22,1.54,0.08,,0.012887,117.63,,,,0,,11 UMi,229.275,71.8238889,5.02,,,,,119.5,0.04,1.8,24.08,K4III,1.56,4340,,
14 Her b,4.64,4.64,0,1773.4,2.77,0.369,,0.153039,22.6,,,,0,,14 Her,242.5958333,43.8216667,6.67,,,,,18.1,0.43,0.9,0.708,K0 V,5.1,5311,,
16 Cyg B b,1.68,1.68,0,799.5,1.68,0.689,,0.078468,83.4,,,,0,,16 Cyg B,295.4625,50.5175,6.2,,,,,21.41,0.08,1.01,0.98,G2.5 V,8,5766,,
24 Sex b,1.99,1.99,0,452.8,1.333,0.09,,0.017821,9.2,,,,0,,24 Sex,155.8666667,0.9022222,7.38,,,,,74.8,-0.03,1.54,4.9,G5,2.7,5098,,
24 Sex c,0.86,0.86,0,883,2.08,0.29,,0.027807,220.5,,,,0,,24 Sex,155.8666667,0.9022222,7.38,,,,,74.8,-0.03,1.54,4.9,G5,2.7,5098,,
30 Ari B b,9.88,9.88,0,335.1,0.995,0.289,,0.025254,307,,,,0,,30 Ari B,39.2416667,24.6480556,7.1,,,,,39.4,0.12,1.22,1.23,F6V,0.91,6484,,
42 Dra b,3.88,3.88,0,479.1,1.19,0.38,,0.01223,218.7,,,,0,,42 Dra,276.4958333,65.5636111,4.83,,,,,97.3,-0.46,0.98,22.03,K1.5III,9.49,4200,,
47 Uma b,2.53,2.53,0,1078,2.1,0.032,,0.150322,334,,,,0,,47 Uma,164.8708333,40.4294444,5.1,,,,,13.97,0,1.03,1.24,G0V,7.4,5892,,
47 Uma c,0.54,0.54,0,2391,3.6,0.098,,0.257695,295,,,,0,,47 Uma,164.8708333,40.4294444,5.1,,,,,13.97,0,1.03,1.24,G0V,7.4,5892,,
47 Uma d,1.64,1.64,0,14002,11.6,0.16,,0.830351,110,,,,0,,47 Uma,164.8708333,40.4294444,5.1,,,,,13.97,0,1.03,1.24,G0V,7.4,5892,,
51 Peg b,0.47,0.46,1.9,4.2308,0.052,0.0069,80,0.003537,54.1,,,,0.5,,51 Peg,344.3625,20.7686111,5.49,,,,,14.7,0.2,1.11,1.266,G2 IV,4,5793,,
55 Cnc b,0.84,0.84,0,14.65314,0.11339,0.0023,89.73,0.009303,110,,,,0,,55 Cnc,133.1541667,28.3338889,5.95,,,,,12.34,0.31,0.905,0.943,K0IV-V,10.2,5196,,
55 Cnc c,0.1784,0.1784,0,44.373,0.23735,0.072,,0.019473,356,,,,0,,55 Cnc,133.1541667,28.3338889,5.95,,,,,12.34,0.31,0.905,0.943,K0IV-V,10.2,5196,,
55 Cnc d,3.86,3.86,0,4867,5.446,0.0269,,0.466775,254,,,,0,,55 Cnc,133.1541667,28.3338889,5.95,,,,,12.34,0.31,0.905,0.943,K0IV-V,10.2,5196,,
55 Cnc e,0.02547,0.02547,0.177536225,0.7365478,0.015439,0.028,90.36,0.001264,170,,,,0,,55 Cnc,133.1541667,28.3338889,5.95,,,,,12.34,0.31,0.905,0.943,K0IV-V,10.2,5196,,
55 Cnc f,0.1479,0.1479,0,260.91,0.7733,0.08,,0.06329,139,,,,0,,55 Cnc,133.1541667,28.3338889,5.95,,,,,12.34,0.31,0.905,0.943,K0IV-V,10.2,5196,,
61 Vir b,0.016,0.016,0,4.215,0.050201,0.12,,0.005892,105,,,,0,,61 Vir,199.6,-18.3111111,4.74,,,,,8.52,-0.01,0.95,0.94,G5V,8.96,5531,Imaging,
61 Vir c,0.0573,0.0573,0,38.021,0.2175,0.14,,0.025528,341,,,,0,,61 Vir,199.6,-18.3111111,4.74,,,,,8.52,-0.01,0.95,0.94,G5V,8.96,5531,Imaging,
61 Vir d,0.072,0.072,0,123.01,0.476,0.35,,0.055869,314,,,,0,,61 Vir,199.6,-18.3111111,4.74,,,,,8.52,-0.01,0.95,0.94,G5V,8.96,5531,Imaging,
70 Vir b,6.6,6.6,0,116.67,0.48,0.43,,0.021818,2.1,,,,0,,70 Vir,202.1083333,13.7866667,5,,,,,22,-0.11,0.92,1.968,G4 V,7.09,5432,IR Excess,
8 Umi b,1.5,1.5,0,93.4,0.49,0.06,,,91,,,,0,,8 Umi,224.2,74.90083335,6.83,,,,,159.1,-0.03,1.8,9.9,K0,1.7,4847.4,,
91 Aqr b,3.2,3.2,0,181.4,0.7,0.027,,0.006593,177.3,,,,0,,91 Aqr,348.9708333,-9.0875,4.21,,,,,45.9,-0.03,1.4,11,K0 III,3.56,4665,,
Aldebaran b,6.47,6.47,0,628.96,1.46,0.1,,0.1,287,,,,0,,Aldebaran,68.9791667,16.5091667,0.85,,,,,20.43,-0.27,1.13,45.1,K5III,6.6,4055,,
BD+03 2562 b,6.4,6.4,0,481.9,1.3,0.2,,,218,,,,0,,BD+03 2562,177.5648029,2.760131134,9.58,,,,,2618,-0.71,1.14,32.35,,5.25,4095,,
BD+15 2375 b,1.06,1.06,0,153.22,0.576,0.001,,,55,,,,0,,BD+15 2375,176.4833334,14.61638891,10.3,,,,,774,-0.22,1.08,8.95,,7.4,4649,,
BD+15 2940 b,1.11,1.11,0,137.48,0.539,0.26,,,302,,,,0,,BD+15 2940,240.0958,15.5469,9.19,,,,,585,0.28,1.1,14.7,K0,7.1,4796,,
BD+20 1790 b,6.37,6.37,0,7.78287,0.066,0.22,,0.002598,200.4,,,,0,,BD+20 1790,110.9333333,20.4141667,9.93,,,,,25.4,0.3,0.63,0.71,K5V,0.057,4410,,Yes
BD-10 3166 b,0.46,0.46,1.03,3.4878,0.046,0.0104,,0.000697,345.4,,,,0,,BD-10 3166,164.6166667,-10.7702778,10.08,,,,,66,0.5,0.99,1.71,G4 V,4.18,5400,,
BD-17 63 b,5.1,5.1,0,655.6,1.34,0.54,,0.038728,112.2,,,,0,,BD-17 63,7.1416667,-16.2263889,9.62,,,,,34.6,-0.03,0.74,0.69,K5V,4.3,4714,,
CoRoT-10 b,2.75,,0.97,13.2406,0.1055,0.53,88.55,0.000306,218.9,,,,0,,CoRoT-10,291.0625,0.7461111,15.22,,,,,345,0.26,0.89,0.79,K1V,3,5075,,
CoRoT-12 b,0.917,,1.44,2.828042,0.04016,0.07,85.48,3.50E-05,105,,,,0,,CoRoT-12,100.7666667,-1.2963889,15.52,,,,,1150,0.16,1.078,1.116,G2V,6.3,5675,,
CoRoT-16 b,0.535,,1.17,5.35227,0.0618,0.33,85.01,7.40E-05,168.41,,,,0,,CoRoT-16,278.525,-6.0025,15.64,,,,,840,0.19,1.098,1.19,G5V,6.73,5650,,
CoRoT-19 b,1.11,,1.29,3.89713,0.0518,0.047,87.61,6.50E-05,86,,,,0,,CoRoT-19,97.03333334,0.170555562,14.78,,,,,800,-0.02,1.21,1.65,F9V,5,6090,,
CoRoT-20 b,4.24,,0.84,9.24285,0.0902,0.562,88.21,7.30E-05,56.3,,,,0,,CoRoT-20,97.730434,0.22692,14.66,,,,,1230,0.14,1.14,0.92,G2V,0.1,5880,,
CoRoT-22 b,0.0383853,,0.435365216,9.75598,0.092,0.077,89.749,0.000149,210,,885,,0,,CoRoT-22,280.6666667,6.225000011,11.93,,,,,592,0.17,1.099,1.136,G0IV,3.3,5939,,
CoRoT-23 b,2.8,,1.08,3.6314,0.0477,0.16,85.7,8.00E-05,51.8,,,,0,,CoRoT-23,279.782615,4.3578,15.63,,,,,600,0.05,1.14,1.61,G0V,7.2,5900,,
CoRoT-28 b,0.484,0.484,0.955,5.20851,0.059,0.047,,,126,0.24,,,0,,CoRoT-28,278.6875,5.5739,13.49,,,,,560,0.15,1.01,1.78,G8/9IV,12,5150,,
CoRoT-29 b,0.85,0.85,0.9,2.85057,0.039,0.082,87.3,,87,0.43,,,0,,CoRoT-29,278.9042,6.4797,15.35,,,,,765,0.2,0.976,0.9,KOV,4.5,5260,,
CoRoT-30 b,2.84,,1.02,9.06005,0.084,0.007,90,,178.1,,,,0,,CoRoT-30,277.6,6.835833352,15.65,,,,,960,0.02,0.98,0.91,G3V,3,5660,,
CoRoT-31 b,0.84,,1.46,4.62941,0.0586,0.02,83.2,,303.6,0.87,,,0,,CoRoT-31,94.82083334,-4.422222235,15.7,,,,,2190,0,1.25,2.15,G2IV,4.7,5370,,
CoRoT-5 b,0.467,,1.33,4.0378962,0.04947,0.09,85.83,0.000124,231.7,,,,0,,CoRoT-5,101.2791667,0.8152778,14,,,,,400,-0.25,1,1.186,F9V,6.9,6100,,
CoRoT-9 b,0.84,,0.94,95.273804,0.407,0.133,89.9,0.000885,37,,,,0,,CoRoT-9,280.7875,6.2041667,13.7,,,,,460,-0.01,0.99,0.94,G3V,4,5625,,
EPIC 211442297 b,0.84,,1.115,20.273034,0.1367,0.137,88.82,,104,0.702,,,0,,EPIC 211442297,126.5534458,12.28193613,,,,,11.72,417,-0.22,0.831,0.881,,10.7,5560,,
EPIC 219388192 b,36.5,,0.937,5.292569,0.0593,0.1929,90,,345.9,0,1164,,0,,EPIC 219388192,289.3916667,-16.87166669,12.5,,,,,300,0.03,0.99,1.01,G,3.9,5850,,
EPIC 228735255 b,1.019,,1.095,6.5693,0.0591,0.12,88.51,,98.88,0.33,1114,,0,,EPIC 228735255,188.1373333,-9.607638907,12.6,,,,,340.24,0.12,1.005,0.987,G5,4.22,5654,,
GJ 3021 b,3.37,3.37,0,133.71,0.49,0.511,,0.027809,290.7,,,,0,,GJ 3021,4.05,-79.8511111,6.59,,,,,17.62,0.1,0.9,0.9,G6 V,8.77,5540,,
GJ 436 b,0.07,0.07,0.38,2.64394,0.02887,0.1912,85.8,0.00283,354.4,,,,0,,GJ 436,175.5458333,26.7063889,10.68,,,,,10.2,-0.32,0.452,0.464,M2.5,6,3684,,
GJ 581 b,0.05,0.05,0,5.36865,0.041,0.031,,0.006602,251,,,,0,,GJ 581,229.8583333,-7.7222222,10.55,,,,,6.21,-0.135,0.31,0.3,M2.5V,8,3498,Imaging,
GJ 581 c,0.017,0.017,0,12.9182,0.073,0.07,,0.011755,235,,,,0,,GJ 581,229.8583333,-7.7222222,10.55,,,,,6.21,-0.135,0.31,0.3,M2.5V,8,3498,Imaging,
GJ 581 e,0.0061,0.0061,0,3.14945,0.028,0.32,,0.004509,236,,,,0,,GJ 581,229.8583333,-7.7222222,10.55,,,,,6.21,-0.135,0.31,0.3,M2.5V,8,3498,Imaging,
GJ 86 A b,4.01,4.01,0,15.766,0.11,0.046,,0.010092,266,,,,0,,GJ 86,32.60805938,-50.82372722,6.17,,,,,10.9,-0.24,0.8,0.855,K1V,2.03,5350,,
GJ 876 b,1.938,1.927,0,61.03,0.208317,0,84,0.044323,116.7,,,,0,,GJ 876,343.3041667,-14.2536111,10.17,,,,,4.7,0.05,0.334,0.36,M4 V,2.5,3350,,
GJ 876 c,0.856,0.637,0,30.23,0.12959,0.002,48.07,0.027572,225.2,,,,0,,GJ 876,343.3041667,-14.2536111,10.17,,,,,4.7,0.05,0.334,0.36,M4 V,2.5,3350,,
GJ 876 d,0.022,0.017,0,1.94,0.02080665,0.081,50,0.004427,157.4,,,,0,,GJ 876,343.3041667,-14.2536111,10.17,,,,,4.7,0.05,0.334,0.36,M4 V,2.5,3350,,
GJ 876 e,0.045,0.039,0,124.69,0.3343,0.073,59.5,0.071128,360,,,,0,,GJ 876,343.3041667,-14.2536111,10.17,,,,,4.7,0.05,0.334,0.36,M4 V,2.5,3350,,
HAT-P-1 b,0.525,,1.319,4.46529976,0.05561,0.067,85.634,0.000398,360,,1322,,0,,HAT-P-1,344.4458333,38.675,10.4,,,,,139,0.13,1.151,1.174,GOV,3.6,5980,,
HAT-P-11 b,0.082434006,,0.421983089,4.887802443,0.053,0.265,89.05,0.001395,198,0.209,750,,0,,HAT-P-11,297.7083333,48.0808333,9.59,,,,,38,0.31,0.81,0.75,K4,6.5,4780,,
HAT-P-13 b,0.85,,1.28,2.916243,0.0426,0.0142,83.3,0.000199,223,,,,0,,HAT-P-13,129.8833333,47.3519444,10.62,,,,,214,0.43,1.22,1.56,G4,5,5638,,
HAT-P-13 c,14.28,14.28,0,446.27,1.186,0.6616,,0.005542,175.29,,,,0,,HAT-P-13,129.8833333,47.3519444,10.62,,,,,214,0.43,1.22,1.56,G4,5,5638,,
HAT-P-14 b,2.2,,1.2,4.627657,0.0594,0.095,83.2,0.00029,99,,,,0,,HAT-P-14,260.1166667,38.2422222,9.98,,,,,205,0.11,1.386,1.468,F,1.3,6600,,
HAT-P-15 b,1.946,,1.072,10.863502,0.0964,0.19,89.1,0.000507,262,,,,0,,HAT-P-15,66.25,39.4605556,12.16,,,,,190,0.22,1.013,1.08,G5,6.8,5568,,
HAT-P-16 b,4.193,,1.289,2.77596,0.0413,0.036,86.6,0.000176,214,,,,0,,HAT-P-16,9.575,42.4630556,10.8,,,,,235,0.17,1.218,1.237,F8,2,6158,,
HAT-P-17 b,0.534,,1.01,10.338523,0.0882,0.346,89.2,0.00098,201,,,,0,,HAT-P-17,324.5375,30.4886111,10.54,,,,,90,0,0.857,0.837,K,7.8,5246,,
HAT-P-17 c,1.4,1.4,0,1798,2.75,0.1,,0.030556,155,,,,0,,HAT-P-17,324.5375,30.4886111,10.54,,,,,90,0,0.857,0.837,K,7.8,5246,,
HAT-P-18 b,0.183,,0.947,5.508029,0.0559,0.106,88.79,0.000337,120,0.324,841,,0,2.734,HAT-P-18,256.35,33.0125,12.76,,,,,166,0.1,0.77,0.717,K,12.4,4870,,
HAT-P-19 b,0.292,,1.132,4.008784,0.0466,0.067,88.51,0.000217,256,,,,0,,HAT-P-19,9.5166667,34.7116667,12.9,,,,,215,0.23,0.842,0.82,K,8.8,4990,,
HAT-P-2 b,8.74,,0.951,5.6334729,0.0674,0.5171,90,0.000571,185.22,,,,0,,HAT-P-2,245.15,41.0480556,8.71,,,,,118,0.04,1.34,1.54,F8,2.7,6414,,
HAT-P-20 b,7.246,,0.867,2.875317,0.0361,0.015,81.9,0.000516,317,,,,0,,HAT-P-20,111.9166667,24.3363889,11.34,,,,,70,0.35,0.756,0.694,K7,6.7,4595,,
HAT-P-21 b,4.063,,1.024,4.124461,0.0494,0.228,87.2,0.000194,300,,,,0,,HAT-P-21,171.275,41.0280556,11.46,,,,,254,0.01,0.947,1.105,G3,10.2,5588,,
HAT-P-22 b,2.147,,1.08,3.21222,0.0414,0.016,73.6,0.000505,156,,,,0,,HAT-P-22,155.6833333,50.1283333,9.73,,,,,82,0.24,0.916,1.04,G5,12.4,5302,,
HAT-P-23 b,2.09,,1.368,1.212884,0.0232,0.106,85.1,5.90E-05,118,,,,0,,HAT-P-23,306.125,16.7622222,11.94,,,,,393,0.16,1.13,1.29,G5,4,5924,,
HAT-P-24 b,0.685,,1.242,3.35524,0.0465,0.067,88.6,0.000152,197,,,,0,,HAT-P-24,108.825,14.2622222,11.82,,,,,306,-0.16,1.191,1.317,F8,2.8,6373,,
HAT-P-25 b,0.567,,1.19,3.652836,0.0466,0.032,87.6,0.000157,271,,,,0,,HAT-P-25,48.4375,25.1975,13.19,,,,,297,0.31,1.01,0.959,G5,3.2,5500,,
HAT-P-26 b,0.058521851,,0.564725782,4.234516,0.0479,0.124,88.6,0.000357,54,,,,0,,HAT-P-26,213.1564042,4.06003612,11.74,,,,,134,-0.04,0.816,0.788,K1,9,5079,,
HAT-P-27-WASP-40 b,0.66,,1.055,3.0395803,0.0403,0.078,85.08,0.000198,63,,,,0,,HAT-P-27-WASP-40,222.7666667,5.9472222,12.21,,,,,204,0.29,0.945,0.898,G8,4.4,5300,,
HAT-P-28 b,0.626,,1.212,3.257215,0.0434,0.051,88,0.00011,233,,,,0,,HAT-P-28,13,34.7283333,13.03,,,,,395,0.12,1.025,1.103,G3,6.1,5680,,
HAT-P-29 b,0.778,,1.107,5.723186,0.0667,0.095,87.1,0.000207,169,,,,0,,HAT-P-29,33.1291667,51.7788889,11.9,,,,,322,0.21,1.207,1.224,F8,2.2,6087,,
HAT-P-30-WASP-51 b,0.711,,1.34,2.810595,0.0419,0.035,83.6,0.000217,252,,,,0,,HAT-P-30-WASP-51,123.95,5.8366667,10.42,,,,,193,-0.08,1.18,1.33,F,1,6250,,
HAT-P-31 b,2.171,,1.07,5.005425,0.055,0.245,87.1,0.000155,274.3,,,,0,,HAT-P-31,271.5375,26.4266667,11.66,,,,,354,0.15,1.218,1.36,,3.17,6065,,
HAT-P-32 b,0.941,,2.037,2.150009,0.0344,0.163,88.7,0.000108,52,,,,0,,HAT-P-32,31.04166667,46.6877778,11.29,,,,,320,-0.16,1.176,1.387,F/G,3.8,6001,,
HAT-P-33 b,0.763,,1.827,3.474474,0.0503,0.148,86.7,0.00012,96,,,,0,,HAT-P-33,113.1833333,33.835,11.89,,,,,419,0.05,1.403,1.777,F,2.4,6401,,
HAT-P-34 b,3.328,,1.107,5.452654,0.0677,0.441,87.1,0.000263,20,,,,0,,HAT-P-34,303.1958333,18.105,10.16,,,,,257,0.08,1.36,1.45,,1.7,6509,,
HAT-P-35 b,1.054,,1.332,3.646706,0.0498,0.025,87.3,9.30E-05,248,,,,0,,HAT-P-35,123.25,4.7869444,12.46,,,,,535,0.11,1.236,1.435,,3.5,6096,,
HAT-P-36 b,1.832,,1.264,1.327347,0.0238,0.063,86,7.50E-05,95,,,,0,,HAT-P-36,188.2625,44.9152778,12.26,,,,,317,0.26,1.022,1.096,,6.6,5580,,
HAT-P-37 b,1.169,,1.178,2.797436,0.0379,0.058,86.9,9.20E-05,164,,,,0,,HAT-P-37,284.2958333,51.2691667,13.23,,,,,411,0.03,0.929,0.877,,3.6,5500,,
HAT-P-38 b,0.267,,0.825,4.640382,0.0523,0.067,88.3,0.00021,240,,,,0,,HAT-P-38,35.38300001,32.24633335,12.56,,,,,249,0.06,0.886,0.923,G,10.1,5330,,
HAT-P-67 b,0.34,,2.085,4.81010205,0.06505,0.24,88.8,,172,0.12,1903,,0,,HAT-P-67,256.6125,44.77694447,10.69,,,,,320,-0.08,1.642,1.546,F,1.24,6406,,
HATS-1 b,1.855,,1.302,3.446459,0.0444,0.12,85.6,0.000147,60,,,,0,,HATS-1,175.525,-23.3547222,12.05,,,,,303,-0.06,0.986,1.038,,6,5870,,
HATS-17 b,1.338,1.338,0.777,16.254611,0.1308,0.029,89.08,,354,0.187,814,,0,,HATS-17,192.1916667,-47.61361113,12.4,,,,,339,0.3,1.131,1.091,G,2.1,5846,,
HATS-19 b,0.427,,1.66,4.569673,0.0589,0.3,86.6,,44,0.32,1570,,0,,HATS-19,147.4083333,-33.21861112,13,,,,,780,0.24,1.303,1.74,G0,3.94,5896,,
HATS-22 b,2.74,,0.953,4.7228124,0.05025,0.079,87.96,,56,0.536,858,,0,,HATS-22,174.0083333,-29.60055557,13.46,,,,,207.9,0,0.759,0.689,,4.6,4803,,
HATS-4 b,1.323,,1.02,2.516729,0.0362,0.013,88.5,,275,,1315,,0,,HATS-4,94.11250001,-21.45305553,13.5,0.017,,,,420,0.43,1.001,0.925,,2.1,5403,,
HATS-43 b,0.261,,1.18,4.3888497,0.04944,0.173,89.24,,330,,,,0,,HATS-43,80.53816667,-30.97083336,13.593,,,,,341,0.05,0.837,0.812,K,8.6,5099,,
HATS-5 b,0.237,,0.912,4.763387,0.0542,0.019,89.3,,204,,1025,,0,,HATS-5,67.22500002,-20.51805553,12.63,,,,,257,0.19,0.936,0.871,,3.6,5304,,
HD 102117 b,0.172,0.172,0,20.67,0.1532,0.106,,0.003648,283,,,,0,,HD 102117,176.2083333,-58.7036111,7.47,,,,,42,0.3,1.03,1.27,G6V,6.21,5672,,
HD 102195 b,0.45,0.45,0,4.113775,0.049,0,,0.001691,360,,,,0,,HD 102195,176.425,2.8213889,8.05,,,,,28.98,0.05,0.926,0.835,K0V,2.4,5291,,
HD 102329 b,5.9,5.9,0,778.1,2.01,0.211,,0.012722,182,,,,0,,HD 102329,176.6958333,3.4741667,8.04,,,,,158,0.3,1.95,6.3,,1.6,4830,,
HD 102956 b,0.96,0.96,0,6.495,0.081,0.048,,0.000643,12,,,,0,,HD 102956,177.8458333,57.6408333,8,,,,,126,0.19,1.68,4.4,A,2.3,5054,,
HD 103720 b,0.62,0.62,0,4.5557,0.0498,0.086,,,262,,,,0,,HD 103720,179.1708333,-2.778888914,9.49,,,,,41.6,-0.02,0.794,0.73,K3V,3.8,5017,,
HD 104985 b,8.3,8.3,0,199.505,0.95,0.09,,0.007647,203.5,,,,0,,HD 104985,181.3125,76.9055556,5.79,,,,,102,-0.35,1.6,10.87,G9 III,2.95,4786,,
HD 106252 b,32.9,7.56,0,1600,2.7,0.47,166.7,0.072115,292.2,,,,0,,HD 106252,183.3708333,10.0413889,7.36,,,,,37.44,-0.078,0.96,1.09,G0,5.02,5754,,
HD 106270 b,11,11,0,2890,4.3,0.402,,0.050648,15.4,,,,0,,HD 106270,183.4041667,-9.5133333,7.73,,,,,84.9,0.08,1.32,2.5,G5,4.3,5638,,
HD 106315 b,0.0396,,0.218,9.5521,0.09012,0.3,88.4,,72,0.47,1149,,0,,HD 106315,183.4708334,-0.393611127,9,,,,,107.3,-0.24,1.07,1.18,F5V,4,6290,,
HD 106315 c,0.0478,,0.352,21.0576,0.1526,0.23,89.42,,106,0.34,1143,,0,,HD 106315,183.4708334,-0.393611127,9,,,,,107.3,-0.24,1.07,1.18,F5V,4,6290,,
HD 10647 b,0.93,0.93,0,1003,2.03,0.1,,0.117341,108.9,,,,0,,HD 10647,25.6208333,-53.7408333,5.52,,,,,17.3,-0.078,1.1,1.1,F8V,4.8,6039,Imaging,
HD 10697 b,6.83,6.38,0,1076.4,2.16,0.1,69,0.066339,108.9,,,,0,,HD 10697,26.2291667,20.0830556,6.29,,,,,32.56,0.1,1.15,1.72,G5 IV,6.9,5641,,
HD 108147 b,0.261,0.261,0,10.8985,0.102,0.53,,0.002645,308,,,,0,,HD 108147,186.4416667,-64.0219444,6.99,,,,,38.57,0.18,1.19,1.22,F8/G0 V,1.98,6067,,
HD 108341 b,3.5,3.5,0,1129,2,0.85,,,56.7,,,,0,,HD 108341,186.8791667,-71.42305557,9.36,,,,,49.4,0.04,0.843,0.79,K2V,4.9,5122,,
HD 108863 b,2.6,2.6,0,443.4,1.4,0.1,,0.010072,177,,,,0,,HD 108863,187.5833333,21.9483333,7.89,,,,,139,0.2,1.85,5.6,K0,1.8,4956,,
HD 108874 b,1.36,1.36,0,395.4,1.051,0.07,,0.015343,248.4,,,,0,,HD 108874,187.6083333,22.8797222,8.76,,,,,68.5,0.14,1,1.22,G5,7.26,5407,IR Excess,
HD 108874 c,1.018,1.018,0,1605.8,2.68,0.25,,0.039124,17.3,,,,0,,HD 108874,187.6083333,22.8797222,8.76,,,,,68.5,0.14,1,1.22,G5,7.26,5407,IR Excess,
HD 110014 b,10.7,10.7,0,882.6,2.31,0.26,,0.023778,47.72,,,,0,,HD 110014,189.8083333,-7.9955556,4.66,,,,,90,0.19,2.17,20.9,K2III,0.95,4445,,
HD 111591 b,4.4,4.4,0,1056.4,2.5,0.26,,,78.72,,,,0,,HD 111591,192.5708333,22.86333336,6.6,,,,,108,0.07,1.94,8.03,K0III,1.41,4884,,
HD 113337 b,2.83,2.83,0,324,0.92,0.46,,,219.2,,,,0,,HD 113337,195.4458,63.6103,6,,,,,36.9,0.07,1.4,1.5,,0.15,6577,,
HD 113538 b,0.36,0.36,0,663.2,1.24,0.14,,,74,,,,0,,HD 113538,196.2375,-52.4430556,9.06,,,,,15.8,-0.24,0.585,0.53,K9V,4.3,4462,,
HD 113538 c,0.93,0.93,0,1818,2.44,0.2,,0.153797,280,,,,0,,HD 113538,196.2375,-52.4430556,9.06,,,,,15.8,-0.24,0.585,0.53,K9V,4.3,4462,,
HD 113996 b,6.3,6.3,0,610.2,1.6,0.28,,,92.06,,,,0,,HD 113996,196.7958333,27.62472224,4.9,,,,,102,0.13,1.49,25.11,K5III,3.24,4181,,
HD 114386 b,1.24,1.24,0,937,1.02,0.23,,0.058929,273,,,,0,,HD 114386,197.6625,-35.0547222,8.73,,,,,28,0,0.75,0.76,K3 V,2.19,4819,,
HD 114729 b,0.84,0.84,0,1135,2.08,0.32,,0.059429,73,,,,0,,HD 114729,198.1833333,-31.8733333,6.69,,,,,35,-0.22,0.93,1.46,G3 V,4.58,5662,,
HD 114762 b,10.98,10.98,0,83.9151,0.353,0.3354,,0.008946,201.28,,,,0,,HD 114762,198.0791667,17.5169444,7.3,,,,,39.46,-0.71,0.84,1.24,F9V,11.8,5934,,
HD 114783 b,6.3,1.1,0,493.7,1.16,0.144,10,0.058824,86,,,,0,,HD 114783,198.1791667,-2.265,7.57,,,,,20.4,0.33,0.92,0.78,K0,3.7,5105,,
HD 11506 b,3.44,3.44,0,1270,2.43,0.22,,0.045151,4.5,,,,0,,HD 11506,28.2125,-19.5069444,7.51,,,,,53.82,0.31,1.19,1.38,G0V,5.4,6058,,
HD 11506 c,0.82,0.82,0,170.46,0.639,0.42,,0.011873,4.1,,,,0,,HD 11506,28.2125,-19.5069444,7.51,,,,,53.82,0.31,1.19,1.38,G0V,5.4,6058,,
HD 116029 b,2.1,2.1,0,670.2,1.73,0.21,,0.014042,360,,,,0,,HD 116029,200.1666667,24.6486111,8.04,,,,,123.2,0.18,1.58,4.6,K1III,2.7,4951,,
HD 117207 b,2.06,2.06,0,2627.08,3.78,0.16,,0.114545,81.7,,,,0,,HD 117207,202.3375,-35.5708333,7.26,,,,,33,0.27,1.07,1.09,G8VI/V,6.68,5432,,
HD 11755 b,6.5,6.5,0,433.7,1.08,0.19,,,155.3,,,,0,,HD 11755,29.70833335,73.15250001,6.87,,,,,231.5,-0.74,0.9,27.3,G5,10.2,4312.5,,
HD 117618 b,0.178,0.178,0,25.827,0.176,0.42,,0.004632,245,,,,0,,HD 117618,203.1041667,-47.2711111,7.18,,,,,38,0.04,1.05,1.19,G2V,3.88,5861,,
HD 117618 c,0.2,0.2,0,318,0.93,0,,,360,,,,0,,HD 117618,203.1041667,-47.2711111,7.18,,,,,38,0.04,1.05,1.19,G2V,3.88,5861,,
HD 11964 b,0.622,0.622,0,1945,3.16,0.041,,0.092996,155,,,,0,,HD 11964,29.2875,-10.2422222,6.42,,,,,33.98,0.17,1.125,2.18,G5,9.56,5248,,
HD 11964 c,0.079,0.079,0,37.91,0.229,0.3,,0.006739,102,,,,0,,HD 11964,29.2875,-10.2422222,6.42,,,,,33.98,0.17,1.125,2.18,G5,9.56,5248,,
HD 11977 b,6.29,6.29,0,711,1.89,0.4,,0.029023,351.5,,,,0,,HD 11977,28.7333333,-67.6472222,4.7,,,,,66.5,-0.21,1.91,13,G8.5 III,1.25,4975,,
HD 125612 b,3,3,0,502,1.37,0.46,,0.025937,41.5,,,,0,,HD 125612,215.225,-17.4813889,8.31,,,,,52.82,0.24,1.1,1.05,G3V,2.1,5897,,
HD 125612 c,0.058,0.058,0,4.1547,0.05,0.27,,0.000947,103,,,,0,,HD 125612,215.225,-17.4813889,8.31,,,,,52.82,0.24,1.1,1.05,G3V,2.1,5897,,
HD 125612 d,7.2,7.2,0,3008,4.2,0.28,,0.079515,284,,,,0,,HD 125612,215.225,-17.4813889,8.31,,,,,52.82,0.24,1.1,1.05,G3V,2.1,5897,,
HD 12648 b,2.9,2.9,0,133.6,0.54,0.04,,,99.3,,,,0,,HD 12648,34.75,85.73611113,6.98,,,,,158.4,-0.57,1.2,9.2,G5,4.5,4835.8,,
HD 12661 b,2.3,2.3,0,263.6,0.83,0.377,,0.022336,296,,,,0,,HD 12661,31.1416667,25.4141667,7.44,,,,,37.16,0.29,1.07,1.12,G6 V,7.05,5742,,
HD 12661 c,1.57,1.57,0,1708,2.56,0.031,,0.068891,165,,,,0,,HD 12661,31.1416667,25.4141667,7.44,,,,,37.16,0.29,1.07,1.12,G6 V,7.05,5742,,
HD 126614 b,0.38,0.38,0,1244,2.35,0.41,,0.032459,243,,,,0,,HD 126614,216.7,-5.1777778,8.81,,,,,72.4,0.56,1.145,1.09,K0,7.2,5585,,
HD 128311 b,2.18,2.18,0,448.6,1.099,0.25,,0.066205,110.9,,,,0,,HD 128311,219,9.7463889,7.51,,,,,16.6,0.08,0.84,0.73,K0V,0.39,4965,IR Excess,
HD 128311 c,4.19,3.21,0,919,1.76,0.17,50,0.106024,195.5,,,,0,,HD 128311,219,9.7463889,7.51,,,,,16.6,0.08,0.84,0.73,K0V,0.39,4965,IR Excess,
HD 128356 b,0.89,0.89,0,298.2,0.87,0.57,,,84,,,,0,,HD 128356,219.2708333,-25.80250002,8.29,,,,,26.03,0.17,0.65,0.85,K3V,10,4875,,
HD 130322 b,1.05,1.02,0,10.72,0.088,0.044,76,0.002933,203.63,,,,0,,HD 130322,221.8875,0.2813889,8.05,,,,,30,-0.02,0.79,0.83,K0 V,0.35,5330,IR Excess,
HD 131496 b,2.2,2.2,0,883,2.09,0.163,,0.019,22,,,,0,,HD 131496,223.3458333,18.2352778,7.96,,,,,110,0.25,1.61,4.6,K0,2.7,4927,,
HD 134987 b,1.59,1.59,0,258.19,0.81,0.233,,0.036486,252.7,,,,0,,HD 134987,228.3666667,-25.3091667,6.45,,,,,22.2,0.25,1.07,1.25,G5 V,9.7,5740,,
HD 134987 c,0.82,0.82,0,5000,5.8,0.12,,0.261261,195,,,,0,,HD 134987,228.3666667,-25.3091667,6.45,,,,,22.2,0.25,1.07,1.25,G5 V,9.7,5740,,
HD 136418 b,2,2,0,464.3,1.32,0.255,,0.013442,12,,,,0,,HD 136418,229.7791667,41.7333333,7.88,,,,,98.2,-0.07,1.33,3.4,G5,4,5071,,
HD 137388 b,0.223,0.223,0,330,0.89,0.36,,0.023421,86,,,,0,,HD 137388,233.9166667,-80.2047222,8.71,,,,,38,0.18,0.86,0.82,K0/K1V,6.45,5240,,
HD 13931 b,1.88,1.88,0,4218,5.15,0.02,,0.116516,290,,,,0,,HD 13931,34.1958333,43.7730556,7.61,,,,,44.2,0.03,1.02,1.23,G0,8.4,5829,,
HD 139357 b,9.76,9.76,0,1125.7,2.36,0.1,,0.01944,235.4,,,,0,,HD 139357,233.8166667,53.9222222,5.98,,,,,121.4,-0.13,1.35,11.47,K4III,3.07,4700,,
HD 14067 b,7.8,7.8,0,1455,3.4,0.533,,,109.9,,,,0,,HD 14067,34.293499,23.76782827,6.51,,,,,163.4,-0.1,2.4,12.4,G9 III,0.69,4815,,
HD 141937 b,9.7,9.7,0,653.22,1.52,0.41,,0.045427,187.72,,,,0,,HD 141937,238.0708333,-18.4358333,7.25,,,,,33.46,0.11,1.1,1.06,G2/G3 V,2.55,5925,,
HD 142 b,1.25,1.25,0,349.7,1.02,0.17,,0.049515,327,,,,0,,HD 142,1.5791667,-49.075,5.7,,,,,20.6,0.04,1.1,0.86,G1 IV,5.93,6180,IR Excess,
HD 142 c,5.3,5.3,0,6005,6.8,0.21,,0.330097,250,,,,0,,HD 142,1.5791667,-49.075,5.7,,,,,20.6,0.04,1.1,0.86,G1 IV,5.93,6180,IR Excess,
HD 142022 A b,29,5.1,0,1928,3.03,0.53,10,0.084472,170,,,,0,,HD 142022 A,242.5625,-84.2313889,7.7,,,,,35.87,0.19,0.99,0.705,K0 V,13.3,5382,,
HD 142245 b,1.9,1.9,0,1299,2.77,0.32,,0.025297,234,,,,0,,HD 142245,238.2333333,15.4308333,7.63,,,,,109.5,0.23,1.69,5.2,K0,2.3,4878,,
HD 142415 b,1.62,1.62,0,386.3,1.05,0.5,,0.030702,255,,,,0,,HD 142415,239.4166667,-60.2,7.34,,,,,34.2,0.21,1.09,1.03,G1 V,1.49,5834,,
HD 145377 b,5.76,5.76,0,103.95,0.45,0.307,,0.007799,138.1,,,,0,,HD 145377,242.9,-27.0780556,8.12,,,,,57.7,0.12,1.12,1.14,G3V,1.3,6046,,
HD 147513 b,1.21,1.21,0,528.4,1.32,0.26,,0.102326,282,,,,0,,HD 147513,246.0041667,-39.1927778,5.37,,,,,12.9,-0.03,0.92,1,G3/G5V,0.65,5701,,
HD 147873 b,5.14,5.14,0,116.596,0.522,0.207,,,80,,,,0,,HD 147873,246.4375,-33.45361112,7.96,,,,,104.93,-0.03,1.38,2.29,G1V,4,5972,,
HD 147873 c,2.3,2.3,0,491.54,1.36,0.23,,,42,,,,0,,HD 147873,246.4375,-33.45361112,7.96,,,,,104.93,-0.03,1.38,2.29,G1V,4,5972,,
HD 148427 b,0.96,0.96,0,331.5,0.93,0.16,,0.015683,277,,,,0,,HD 148427,247.1166667,-13.3997222,6.89,,,,,59.3,0.154,1.45,3.22,K0IV,2.5,5052,,
HD 1502 b,3.1,3.1,0,431.8,1.31,0.101,,0.008239,219,,,,0,,HD 1502,4.8208333,14.0547222,8.52,,,,,159,0.09,1.61,4.5,K0D,2.4,5049,,
HD 150706 b,2.71,2.71,0,5894,6.7,0.38,,0.246324,132,,,,0,,HD 150706,247.8208333,79.7897222,7.03,,,,,27.2,-0.13,0.94,0.87,G0,1.17,5741,IR Excess,
HD 152581 b,1.5,1.5,0,689,1.48,0.22,,0.007957,321,,,,0,,HD 152581,253.4333333,11.9736111,8.54,,,,,186,-0.46,0.927,4.8,K0,12,5155,,
HD 153950 b,2.73,2.73,0,499.4,1.28,0.34,,0.025806,308.2,,,,0,,HD 153950,256.1291667,-43.3097222,7.39,,,,,49.6,-0.01,1.12,1.34,F8V,4.3,6076,,
HD 154672 b,5.02,5.02,0,163.91,0.6,0.61,,0.009119,265,,,,0,,HD 154672,257.5208333,-56.4491667,8.22,,7.01,6.7,6.61,65.8,0.26,1.06,1.27,G3IV,9.28,5714,,
HD 154857 b,2.24,2.24,0,408.6,1.291,0.46,,0.017518,57,,,,0,,HD 154857,257.8125,-56.6805556,7.25,,,,,64.2,-0.22,1.718,1.76,G5V,5.6,5445,,
HD 154857 c,2.58,2.58,0,3452,5.36,0.06,,,352,,,,0,,HD 154857,257.8125,-56.6805556,7.25,,,,,64.2,-0.22,1.718,1.76,G5V,5.6,5445,,
HD 158038 b,1.8,1.8,0,521,1.52,0.291,,0.014672,334,,,,0,,HD 158038,261.4375,27.3033333,7.64,,,,,103.6,0.28,1.65,4.8,K2III,2.5,4897,,
HD 1605 b,0.96,0.96,0,577.9,1.48,0.078,,,26.65,,,,0,,HD 1605,5.133333344,30.97472225,7.52,,,,,84.6,0.21,1.31,3.8,K1 IV,4.59,4757,,
HD 1605 c,3.48,3.48,0,2111,3.52,0.098,,,240,,,,0,,HD 1605,5.133333344,30.97472225,7.52,,,,,84.6,0.21,1.31,3.8,K1 IV,4.59,4757,,
HD 16141 b,0.215,0.215,0,75.82,0.35,0.28,,0.009749,41,,,,0,,HD 16141,38.8291667,-3.5605556,6.78,,,,,35.9,0.02,1.01,1,G5 IV,7.76,5533,,
HD 16175 b,4.77,4.77,0,995.4,2.148,0.637,,0.035117,221.5,,,,0,,HD 16175,39.2583333,42.0625,7.28,,6.17,5.92,5.85,59.8,0.37,1.35,1.87,G0,5.3,6022,,
HD 162020 b,14.4,14.4,0,8.428198,0.074,0.277,,0.002367,332.672,,,,0,,HD 162020,267.6583333,-40.3183333,9.18,,,,,31.26,0.01,0.75,0.71,K2 V,0.76,4830,,
HD 163607 b,0.77,0.77,0,75.229,0.36,0.73,,0.005217,78.7,,,,0,,HD 163607,268.4166667,56.3919444,8.15,,,,,69,0.21,1.09,1.63,G5IV,8.6,5543,,
HD 163607 c,2.29,2.29,0,1314,2.42,0.12,,0.035072,265,,,,0,,HD 163607,268.4166667,56.3919444,8.15,,,,,69,0.21,1.09,1.63,G5IV,8.6,5543,,
HD 164509 b,0.48,0.48,0,282.4,0.875,0.26,,0.016827,324,,,,0,,HD 164509,270.3791667,0.1044444,8.24,,,,,52,0.21,1.13,1.06,G5V,1.1,5922,,
HD 164922 b,0.3385,0.3385,0,1201.1,2.115,0.126,,0.096215,129,,159.4,,0,,HD 164922,270.625,26.3127778,6.99,,,,,22.13,0.16,0.874,0.999,G9V,13.4,5293,,
HD 164922 c,0.0406,0.0406,0,75.765,0.3351,0.22,,,81,,400.5,,0,,HD 164922,270.625,26.3127778,6.99,,,,,22.13,0.16,0.874,0.999,G9V,13.4,5293,,
HD 165155 b,2.89,2.89,0,434.5,1.13,0.2,,,211,,,,0,,HD 165155,271.4875,-29.91722224,9.36,,,,,64.98,0.09,1.02,0.95,G8V,11,5426,,
HD 1666 b,6.43,6.43,0,270,0.94,0.63,,,295,,,,0,,HD 1666,5.216666684,-19.93111114,8.17,,,,,110.6,0.37,1.5,1.93,F7 V,1.76,6317,,
HD 167042 b,1.6,1.6,0,416.1,1.3,0.03,,0.026,34,,,,0,,HD 167042,272.6333333,54.2866667,5.97,,3.93,3.56,3.55,50,0.05,1.64,4.3,K1III,2.2,5020,,
HD 168443 b,7.659,7.659,0,58.11247,0.2931,0.52883,,0.007841,172.923,,,,0,,HD 168443,275.0166667,-9.5927778,6.92,,,,,37.38,0.04,0.995,1.51,G5,9.8,5591,,
HD 168443 c,29.463,17.193,0,1749.83,2.8373,0.2113,35.7,0.075904,64.87,,,,0,,HD 168443,275.0166667,-9.5927778,6.92,,,,,37.38,0.04,0.995,1.51,G5,9.8,5591,,
HD 168746 b,0.23,0.23,0,6.403,0.065,0.081,,0.001507,16.3,,,,0,,HD 168746,275.4541667,-11.9225,7.95,,,,,43.12,-0.06,0.88,1.12,G5,3.75,5610,,
HD 1690 b,6.1,6.1,0,533,1.3,0.64,,0.004075,122,,,,0,,HD 1690,5.3041667,-8.2811111,9.17,,,,,319,-0.32,1.09,16.7,K1III,6.7,4393,,
HD 169830 b,2.88,2.88,0,225.62,0.81,0.31,,0.022302,148,,,,0,,HD 169830,276.9541667,-29.8166667,5.9,,,,,36.32,0.21,1.4,1.84,F8 V,4.95,6266,,
HD 169830 c,4.04,4.04,0,2102,3.6,0.33,,0.099119,252,,,,0,,HD 169830,276.9541667,-29.8166667,5.9,,,,,36.32,0.21,1.4,1.84,F8 V,4.95,6266,,
HD 170469 b,0.67,0.67,0,1145,2.24,0.11,,0.034477,34,,,,0,,HD 170469,277.2958333,11.6955556,8.21,,,,,64.97,0.3,1.14,1.22,G5IV,6.7,5810,,
HD 171028 b,1.98,1.98,0,550,1.32,0.59,,0.014667,304,,,,0,,HD 171028,278.0625,6.9458333,8.31,,,,,90,-0.49,0.99,1.95,G0,8,5663,,
HD 17156 b,3.195,3.191,1.095,21.2163979,0.1623,0.6768,87.21,0.002074,121.71,,,,0,,HD 17156,42.4333333,71.7533333,8.17,,,,,78.24,0.24,1.275,1.508,G0,3.38,6079,,
HD 175370 b,4.6,4.6,0,349.5,0.98,0.22,,,162,,,,0,,HD 175370,283.25,43.71361114,7.19,,,,,272,-0.52,1.02,23.5,K2 III,8.7,4301,,
HD 175541 b,0.61,0.61,0,297.3,1.03,0.33,,0.008047,183,,,,0,,HD 175541,283.9208333,4.2652778,8.03,,,,,128,-0.07,1.65,3.85,G8IV,1.9,5060,,
HD 176986 b,0.0181,0.0181,0,6.4898,0.06296,0.066,,,249,,,,0,,HD 176986,285.775,-11.0438889,8.45,,,,,26.4,0.03,0.789,0.782,K2.5V,4.3,4931,,
HD 176986 c,0.0289,0.0289,0,16.8191,0.11878,0.111,,,270,,,,0,,HD 176986,285.775,-11.0438889,8.45,,,,,26.4,0.03,0.789,0.782,K2.5V,4.3,4931,,
HD 177830 b,1.49,1.49,0,406.6,1.2218,0.0009,,0.020708,85,,,,0,,HD 177830,286.3333333,25.9205556,7.18,,,,,59,0.55,1.47,2.99,K0IV,4.4,4948,,
HD 177830 c,0.15,0.15,0,110.9,0.5137,0.3495,,0.008707,110,,,,0,,HD 177830,286.3333333,25.9205556,7.18,,,,,59,0.55,1.47,2.99,K0IV,4.4,4948,,
HD 178911 B b,6.292,6.292,0,71.487,0.32,0.1243,,0.006848,169.8,,,,0,,HD 178911 B,287.2625,34.5997222,7.98,,,,,46.73,0.28,1.07,1.14,G5,5.2,5650,Imaging,
HD 179949 b,0.92,0.92,1.05,3.0925,0.045,0.0104,,0.001667,189.3,,,,0,,HD 179949,288.8875,-24.1791667,6.25,,,,,27,0.22,1.28,1.19,F8 V,2.05,6260,,
HD 180902 b,1.6,1.6,0,479,1.39,0.09,,0.012636,300,,,,0,,HD 180902,289.825,-23.5580556,7.78,,,,,110,0.04,1.52,4.1,K0III/IV,2.8,5030,,
HD 181342 b,2.9,2.9,0,562,1.65,0.1,,0.016094,312,,,,0,,HD 181342,290.2666667,-23.6194444,7.55,,,,,110.6,0.26,1.84,4.6,K0III,1.8,5014,,
HD 183263 b,3.67,3.67,0,626.5,1.51,0.357,,0.028491,233.5,,,,0,,HD 183263,292.1,8.3577778,7.86,,,,,53,0.3,1.17,1.21,G2IV,8.1,5888,,
HD 183263 c,3.82,3.82,0,2950,4.25,0.253,,0.080189,339.6,,,,0,,HD 183263,292.1,8.3577778,7.86,,,,,53,0.3,1.17,1.21,G2IV,8.1,5888,,
HD 185269 b,0.94,0.94,0,6.838,0.077,0.3,,0.001638,173,,,,0,,HD 185269,294.3,28.5,6.67,,,,,47,0.11,1.28,1.88,G0IV,4.2,5980,,
HD 187123 b,0.52,0.52,0,3.0965828,0.0426,0.01,,0.000852,25,,,,0,,HD 187123,296.7375,34.4208333,7.86,,,,,50,0.16,1.06,1.17,G5,5.33,5714,,
HD 187123 c,1.99,1.99,0,3810,4.89,0.252,,0.0978,250,,,,0,,HD 187123,296.7375,34.4208333,7.86,,,,,50,0.16,1.06,1.17,G5,5.33,5714,,
HD 18742 b,2.7,2.7,0,772,1.92,0.23,,0.014222,102,,,,0,,HD 18742,45.0458333,-20.8025,7.97,,,,,135,-0.04,1.6,4.9,G9IV,2.3,5048,,
HD 188015 b,1.26,1.26,0,456.46,1.19,0.15,,0.022624,293,,,,0,,HD 188015,298.0166667,28.1002778,8.22,,,,,52.6,0.29,1.09,1.1,G5IV,6.2,5520,,
HD 189733 b,1.142,1.138,1.138,2.21857312,0.03142,0.0041,85.51,0.001628,90,,,,0.4,,HD 189733,300.1791667,22.7108333,7.67,,,,,19.3,-0.03,0.8,0.805,K1-K2,0.6,4875,,Yes
HD 190228 b,65.7,,0,1146,2,0.5,4.5,0.030253,107,,,,0,,HD 190228,300.75,28.3066667,7.3,,,,,66.11,-0.24,1.3,3.02,G5IV,10.16,5176,,
HD 190360 b,1.495,1.495,0,2867.9,3.92,0.343,,,14.7,,,,0,,HD 190360,300.9041667,29.8966667,5.71,,,,,15.89,0.24,1.04,1.2,G6 IV,12.11,5588,,
HD 190360 c,0.06381,0.06381,0,17.1186,0.128,0.107,,,305.8,,,,0,,HD 190360,300.9041667,29.8966667,5.71,,,,,15.89,0.24,1.04,1.2,G6 IV,12.11,5588,,
HD 192263 b,0.733,0.733,0,24.3587,0.15312,0.008,,0.007694,184,,,,0,,HD 192263,303.5,-0.8669444,7.79,,,,,19.9,-0.2,0.81,0.75,K2 V,0.57,4965,IR Excess,
HD 192699 b,2.5,2.5,0,351.5,1.16,0.149,,0.017313,54,,,,0,,HD 192699,304.025,4.5808333,6.44,,,,,67,-0.15,1.68,4.25,G8IV,1.8,5220,,
HD 195019 b,3.7,3.7,0,18.20163,0.1388,0.014,,0.003715,322,,,,0,,HD 195019,307.0708333,18.77,6.91,,,,,37.36,0.08,1.06,1.38,G3 IV-V,5.33,5787,,
HD 196050 b,2.83,2.83,0,1316.24,2.47,0.21,,0.052665,223,,,,0,,HD 196050,309.4625,-60.6344444,7.5,,,,,46.9,0.23,1.17,1.29,G3 V,3.17,5874,,
HD 196885 A b,2.98,2.98,0,1326,2.6,0.48,,0.078788,93.2,,,,0,,HD 196885 A,309.9625,11.2494444,6.4,,,,,33,0.29,1.33,1.79,F8V,2,6340,,
HD 19994 b,1.68,1.68,0,535.7,1.42,0.3,,0.06345,41,,,,0,,HD 19994,48.1916667,-1.1958333,5.07,,,,,22.38,0.25,1.34,1.93,F8 V,8.91,5984,IR Excess,
HD 200964 b,1.85,1.85,0,613.8,1.601,0.04,,0.023406,288,,,,0,,HD 200964,316.6666667,3.8030556,6.64,,,,,68.4,-0.15,1.44,4.3,KO,3,5164,,
HD 200964 c,0.895,0.895,0,825,1.95,0.181,,0.028509,182.6,,,,0,,HD 200964,316.6666667,3.8030556,6.64,,,,,68.4,-0.15,1.44,4.3,KO,3,5164,,
HD 202206 B,93.6,17.7,0,256.33,0.83,0.432,10.9,0.017911,161.9,,,,0,,HD 202206,318.7375,-20.7891667,8.08,,,,,46.34,0.37,1.13,1.02,G6 V,2.04,5750,IR Excess,
HD 202206 c,17.9,,0,1260,2.41,0.22,7.7,0.055028,280,,,,0,,HD 202206,318.7375,-20.7891667,8.08,,,,,46.34,0.37,1.13,1.02,G6 V,2.04,5750,IR Excess,
HD 20367 b,1.07,1.07,0,500,1.25,0.23,,0.046296,83,,,,0,,HD 20367,49.4166667,31.1269444,6.41,,,,,27,0.1,1.04,1.18,G0,0.87,6128,,
HD 2039 b,6.11,6.11,0,1120,2.23,0.67,,0.024499,344.1,,,,0,,HD 2039,6.0833333,-56.65,9.01,,,,,89.8,0.1,0.98,1.21,G2/G3 IV-V,5.28,5947,,
HD 204941 b,0.266,0.266,0,1733,2.56,0.37,,0.094815,228,,,,0,,HD 204941,323.1,-20.9575,8.45,,,,,27,-0.19,0.74,0.72,,6.67,5056,,
HD 205739 b,1.37,1.37,0,279.8,0.896,0.27,,0.009922,301,,,,0,,HD 205739,324.5333333,-31.7375,8.56,,7.59,7.35,7.23,90.3,0.19,1.22,1.33,F7V,2.84,6176,,
HD 206610 b,2.2,2.2,0,610,1.68,0.229,,0.00866,296,,,,0,,HD 206610,325.8541667,-7.4083333,8.34,,,,,194,0.14,1.56,6.1,K0,3,4874,,
HD 207832 b,0.56,0.56,0,161.97,0.57,0.13,,,130.8,,,,0,,HD 207832,328.15,-26.0267,8.7986,,,,,54.4,0.06,0.94,0.901,G5V,4.5,5710,,
HD 207832 c,0.73,0.73,0,1155.7,2.112,0.27,,,121.6,,,,0,,HD 207832,328.15,-26.0267,8.7986,,,,,54.4,0.06,0.94,0.901,G5V,4.5,5710,,
HD 20794 b,0.00887,0.00887,0,18.33,0.127,0.27,,0.019917,26,,,,0,,HD 20794,49.9833333,-43.0697222,4.26,,,,,6.06,-0.38,0.813,0.9,G8V,14,5490,IR Excess,
HD 20794 d,0.0111,0.0111,0,88.9,0.364,0.25,,0.057739,252,,,,0,,HD 20794,49.9833333,-43.0697222,4.26,,,,,6.06,-0.38,0.813,0.9,G8V,14,5490,IR Excess,
HD 20794 e,0.015,0.015,0,147.02,0.509,0.29,,,268,,,,0,,HD 20794,49.9833333,-43.0697222,4.26,,,,,6.06,-0.38,0.813,0.9,G8V,14,5490,IR Excess,
HD 208487 b,0.413,0.413,0,129.8,0.51,0.21,,0.011333,123,,,,0,,HD 208487,329.3291667,-37.7636111,7.48,,,,,45,-0.06,1.3,1.15,G2V,3.88,5929,,
HD 208527 b,9.9,9.9,0,875.5,2.1,0.08,,,278,,,,0,,HD 208527,329.1,21.24,6.4,,,,,320.2,-0.09,1.6,51.1,M1III,2,4035,,
HD 20868 b,1.99,1.99,0,380.85,0.947,0.75,,0.019366,356.2,,,,0,,HD 20868,50.1791667,-33.73,9.92,,,,,48.9,0.04,0.78,0.79,K3/4IV,4.5,4795,,
HD 209458 b,0.69,,1.38,3.52472,0.04747,0.0082,86.59,0.00101,43.8,,,,0.038,,HD 209458,330.7916667,18.8844444,7.65,,,,,47,0.02,1.148,1.203,G0 V,4,6092,,
HD 210277 b,1.23,1.23,0,442.1,1.1,0.472,,0.051667,118.2,,,,0,,HD 210277,332.3708333,-7.5422222,6.63,,,,,21.29,0.19,1.09,1.1,G0,6.93,5532,IR Excess,
HD 210702 b,1.9,1.9,0,354.8,1.2,0.152,,0.020893,301,,,,0,,HD 210702,332.9625,16.0405556,5.93,,,,,56,0.12,1.68,5.1,K1IV,1.4,5010,,
HD 212771 b,2.3,2.3,0,373.3,1.22,0.111,,0.009313,55,,,,0,,HD 212771,336.7625,-17.2636111,7.6,,,,,131,-0.21,1.15,5,G8IV,6,5121,,
HD 213240 b,4.5,4.5,0,951,2.03,0.45,,0.049816,214,,,,0,,HD 213240,337.75,-49.4330556,6.8,,,,,40.75,0.16,1.22,1.5,G4 IV,5.11,5975,,
HD 216435 b,1.26,1.26,0,1311,2.56,0.07,,0.076877,100,,,,0,,HD 216435,343.4041667,-48.5980556,6.03,,,,,33.3,0.244,1.3,2,G0 V,5.27,5767,IR Excess,
HD 216437 b,1.82,1.82,0,1256,2.32,0.29,,0.087547,63,,,,0,,HD 216437,343.6625,-70.0736111,6.06,,,,,26.5,0.25,1.06,1.1,G4 IV-V,12.96,5636,,
HD 216770 b,0.65,0.65,0,118.45,0.46,0.37,,0.012105,281,,,,0,,HD 216770,343.9708333,-26.6586111,8.1,,,,,38,0.23,0.9,1,K1 V,3.6,5248,,
HD 217107 b,1.33,1.33,0,7.12689,0.073,0.132,,0.003702,22.7,,,,0,,HD 217107,344.5625,-2.395,6.16,,,,,19.72,0.37,1.02,1.08,G8 IV,7.32,5666,,
HD 217107 c,2.49,2.49,0,4210,5.27,0.517,,0.267241,198.6,,,,0,,HD 217107,344.5625,-2.395,6.16,,,,,19.72,0.37,1.02,1.08,G8 IV,7.32,5666,,
HD 217786 b,13,13,0,1319,2.38,0.4,,0.043431,100,,,,0,,HD 217786,345.7833333,0.4297222,7.8,,,,,54.8,-0.135,1.02,1.27,F8V,7.6,5966,,
HD 218566 b,0.21,0.21,0,225.7,0.6873,0.3,,0.022956,36,,,,0,,HD 218566,347.2958333,-2.2608333,8.63,,,,,29.94,0.38,0.85,0.86,K3V,8.5,4820,,
HD 219828 b,0.0661,0.0661,0,3.834887,0.045,0.059,,0.000641,255,,,,0,,HD 219828,349.6958333,18.6458333,8.04,,,,,81.1,0.19,1.24,1.7,G0IV,5.8,5891,,
HD 219828 c,15.1,15.1,0,4791,5.96,0.8118,,,145.77,,,,0,,HD 219828,349.6958333,18.6458333,8.04,,,,,81.1,0.19,1.24,1.7,G0IV,5.8,5891,,
HD 220074 b,11.1,11.1,0,672.1,1.6,0.14,,,323,,,,0,,HD 220074,350.0583,61.97,6.4,,,,,290.2,-0.25,1.2,49.67,M2III,4.5,3935,,
HD 222155 b,1.9,1.9,0,3999,5.1,0.16,,0.10387,137,,,,0,,HD 222155,354.5,48.9963889,7.1,,,,,49.1,-0.11,1.13,1.67,G2V,8.2,5765,,
HD 222582 b,7.75,7.75,0,572.38,1.35,0.725,,0.032143,319.01,,,,0,,HD 222582,355.4625,-5.9855556,7.7,,,,,42,-0.0229,0.99,1.15,G5,6.16,5662,,
HD 224538 b,5.97,5.97,0,1189.1,2.28,0.464,,,24,,,,0,,HD 224538,359.7166667,-61.58666668,8.06,,,,,77.76,0.27,1.54,1.34,F9IV/V,2,6097,,
HD 224693 b,0.71,0.71,0,26.73,0.233,0.05,,0.002479,6,,,,0,,HD 224693,359.975,-22.4280556,8.23,,,,,94,0.343,1.33,1.7,G2IV,2,6037,,
HD 23079 b,2.45,2.45,0,730.6,1.596,0.102,,0.043103,55,,,,0,,HD 23079,54.9291667,-52.9158333,7.1,,,,,34.8,-0.24,1.1,1.13,F8/G0 V,6.53,5848,,
HD 231701 b,1.08,1.08,0,141.89,0.53,0.096,,0.004889,54.4,,,,0,,HD 231701,293.0166667,16.4741667,8.97,,,,,108.4,0.07,1.14,1.35,F8V,4.9,6208,,
HD 23596 b,8.1,8.1,0,1565,2.88,0.292,,0.055385,274.1,,,,0,,HD 23596,57,40.5305556,7.24,,,,,52,0.32,1.27,2.09,F8,6.89,5888,,
HD 24064 b,9.4,9.4,0,555.6,1.29,0.35,,,250.8,,,,0,,HD 24064,59.15000001,74.08000001,6.75,,,,,264.4,-0.49,1,38,K0,9,4052.5,,
HD 25171 b,0.95,0.95,0,1845,3.02,0.08,,0.054909,96,,,,0,,HD 25171,58.9541667,-65.1866667,7.79,,,,,55,-0.11,1.09,1.18,F8V,2,6160,,
HD 27442 b,1.35,1.35,0,415.2,1.16,0.058,,0.064088,347,,,,0,,HD 27442,64.1208333,-59.3019444,4.44,,,,,18.1,0.22,1.2,6.6,K2 IV a,7.15,4749,,
HD 28185 b,5.7,5.7,0,383,1.03,0.07,,0.026142,351,,,,0,,HD 28185,66.6083333,-10.5505556,7.81,,,,,39.4,0.24,1.24,1.03,G5,5.36,5482,,
HD 285507 b,0.917,0.917,0,6.0881,0.0729,0.086,,,182,,,,0,,HD 285507,61.75416667,15.33500001,10.5,,,,,41.3,0.13,0.734,0.656,K5,0.625,4503,,
HD 28678 b,1.7,1.7,0,387.1,1.24,0.168,,0.005463,131,,,,0,,HD 28678,67.8541667,4.5752778,8.54,,,,,227,-0.11,1.74,6.2,K0D,1.8,5076,,
HD 30177 b,8.07,8.07,0,2532.5,3.58,0.18,,,32,,,,0,,HD 30177,70.475,-58.0205556,8.41,,,,,54.7,0.33,1.05,1.12,G8 V,11.6,5580,,
HD 30177 c,3,3,0,6921,6.99,0.35,,,11,,,,0,,HD 30177,70.475,-58.0205556,8.41,,,,,54.7,0.33,1.05,1.12,G8 V,11.6,5580,,
HD 30562 b,1.29,1.29,0,1157,2.3,0.76,,0.086792,81,,,,0,,HD 30562,72.15,-5.6741667,5.77,,,,,26.5,0.243,1.219,1.637,F8V,4,5861,,
HD 30669 b,0.47,0.47,0,1684,2.69,0.18,,,82,,,,0,,HD 30669,72.12083334,-28.41916668,9.11,,,,,57,0.13,0.92,0.91,G9V,4.8,5400,,
HD 30856 b,1.8,1.8,0,912,2,0.24,,0.016935,180,,,,0,,HD 30856,72.575,-24.3688889,8.07,,,,,118.1,-0.06,1.35,4.2,K0III,3.8,4982,,
HD 31253 b,0.5,0.5,0,466,1.26,0.3,,0.023411,244,,,,0,,HD 31253,73.6833333,12.3522222,7.13,,,,,53.82,0.16,1.23,1.71,F8,3,5960,,
HD 32518 b,3.04,3.04,0,157.54,0.59,0.01,,0.005026,306.11,,,,0,,HD 32518,77.4041667,69.6394444,6.44,,,,,117.4,-0.15,1.13,10.22,K1III,5.83,4580,,
HD 33142 b,1.3,1.3,0,326.6,1.06,0.22,,0.008413,138,,,,0,,HD 33142,76.9,-13.9863889,8.13,,,,,126,0.05,1.48,4.2,K0III,3,5052,,
HD 33283 b,0.33,0.33,0.99,18.1801,0.168,0.458,,0.001953,156,,,,0,,HD 33283,77.0041667,-26.7972222,8.05,,,,,86,0.366,1.24,1.2,G3V,3.2,5995,,
HD 33564 b,9.1,9.1,0,388,1.1,0.34,,0.052431,205,,,,0,,HD 33564,80.6375,79.2311111,5.08,,,,,20.98,-0.12,1.25,1.1,F6 V,3,6250,,
HD 34445 b,0.629,0.629,0,1056.7,2.075,0.014,,0.044516,115,,,,0,,HD 34445,79.4208333,7.3533333,7.31,,,,,46.5,0.14,1.07,1.38,G0V,8.5,5836,,
HD 34445 c,0.168,0.168,0,214.67,0.7181,0.036,,,149,,,,0,,HD 34445,79.4208333,7.3533333,7.31,,,,,46.5,0.14,1.07,1.38,G0V,8.5,5836,,
HD 34445 d,0.097,0.097,0,117.87,0.4817,0.027,,,246,,,,0,,HD 34445,79.4208333,7.3533333,7.31,,,,,46.5,0.14,1.07,1.38,G0V,8.5,5836,,
HD 34445 e,0.0529,0.0529,0,49.175,0.2687,0.09,,,304,,,,0,,HD 34445,79.4208333,7.3533333,7.31,,,,,46.5,0.14,1.07,1.38,G0V,8.5,5836,,
HD 34445 f,0.119,0.119,0,676.8,1.543,0.031,,,212,,,,0,,HD 34445,79.4208333,7.3533333,7.31,,,,,46.5,0.14,1.07,1.38,G0V,8.5,5836,,
HD 34445 g,0.38,0.38,0,5700,6.36,0.032,,,235,,,,0,,HD 34445,79.4208333,7.3533333,7.31,,,,,46.5,0.14,1.07,1.38,G0V,8.5,5836,,
HD 3651 b,0.231,0.229,0,62.218,0.295,0.596,83,0.025818,242.5,,,,0,,HD 3651,9.8375,21.2502778,5.8,,,,,11,0.05,0.79,0.947,K0 V,5.13,5173,,
HD 3651 c,0.09,0.09,0,31,0.186,0.04,,,55,,,,0,,HD 3651,9.8375,21.2502778,5.8,,,,,11,0.05,0.79,0.947,K0 V,5.13,5173,,
HD 37124 b,0.675,0.675,0,154.378,0.53364,0.054,,0.016171,130,,,,0,,HD 37124,84.2583333,20.7305556,7.68,,,,,33,-0.442,0.83,0.82,G4 V,3.33,5610,,
HD 37124 c,0.652,0.652,0,885.5,1.71,0.125,,0.051818,53,,,,0,,HD 37124,84.2583333,20.7305556,7.68,,,,,33,-0.442,0.83,0.82,G4 V,3.33,5610,,
HD 37124 d,0.696,0.696,0,1862,2.807,0.16,,0.085061,360,,,,0,,HD 37124,84.2583333,20.7305556,7.68,,,,,33,-0.442,0.83,0.82,G4 V,3.33,5610,,
HD 37605 b,2.813,2.813,0,55.01307,0.2837,0.6767,,0.006613,220.86,,,,0,,HD 37605,85.0041667,6.0605556,8.66,,,,,44,0.34,1,0.9,K0V,7,5448,,
HD 37605 c,3.366,3.366,0,2720,3.814,0.013,,,221,,,,0,,HD 37605,85.0041667,6.0605556,8.66,,,,,44,0.34,1,0.9,K0V,7,5448,,
HD 38529 b,0.93,0.78,0,14.3104,0.131,0.248,57,0.003335,95.9,,,,0,,HD 38529,86.6416667,1.1680556,5.94,,,,,39.28,0.27,1.48,2.44,G4 IV,3.28,5697,IR Excess,
HD 38529 c,23.7,17.7,0,2134.76,3.695,0.36,48.3,0.094068,22.52,,,,0,,HD 38529,86.6416667,1.1680556,5.94,,,,,39.28,0.27,1.48,2.44,G4 IV,3.28,5697,IR Excess,
HD 39091 b,10.3,10.3,0,2049,3.28,0.61,,0.179039,330,,,,0,,HD 39091,84.2875,-80.4688889,5.67,,,,,18.32,0.09,1.1,2.1,G1 IV,3.83,5888,,
HD 40956 b,2.7,2.7,0,578.6,1.4,0.24,,,338.62,,,,0,,HD 40956,91.66250001,63.4538889,6.6,,,,,118,0.14,2,8.56,K0,1.35,4869,,
HD 40979 b,4.01,4.01,0,264.1,0.846,0.252,,0.024925,323.4,,,,0,,HD 40979,91.1208333,44.2602778,6.74,,,,,33.3,0.194,1.1,1.21,F8 V,1.48,6205,IR Excess,
HD 41248 c,0.0223,0.0223,0,13.365,0.107,0.0117,,,54,,,,0,,HD 41248,90.1375,-56.1619,8.82,,,,,52.38,-0.43,0.92,0.78,G2V,2,5713,,
HD 4203 b,1.82,1.82,0,437.05,1.164,0.52,,0.015019,328.03,,,,0,,HD 4203,11.1708333,20.4488889,8.68,,,,,77.5,0.453,1.13,1.33,G5,9.41,5701,,
HD 4208 b,0.804,0.804,0,828,1.65,0.052,,0.050147,345,,,,0,,HD 4208,11.1083333,-26.5155556,7.79,,,,,33.9,-0.284,0.87,0.85,G5 V,4.47,5571,,
HD 4308 b,0.0405,0.0405,0,15.609,0.118,0.27,,0.005388,210,,,,0,,HD 4308,11.1625,-65.6494444,6.54,,,,,21.9,-0.34,0.85,0.92,G5 V,7.1,5597,,
HD 4313 b,2.3,2.3,0,356,1.19,0.041,,0.008686,76,,,,0,,HD 4313,11.4166667,7.845,7.83,,,,,137,0.14,1.72,4.9,G5 D,2,5035,,
HD 45350 b,1.79,1.79,0,890.76,1.92,0.778,,0.039184,343.4,,,,0,,HD 45350,97.1875,38.9627778,7.88,,,,,49,0.29,1.02,1.27,G5 IV,5.59,5754,,
HD 46375 b,0.23,0.23,1.02,3.02358,0.041,0.0524,,0.001228,113.7,,,,0,,HD 46375,98.3,5.4627778,7.94,,,,,33.4,0.24,0.91,1,K1 IV,4.96,5199,IR Excess,
HD 47366 b,1.75,1.75,0,363.3,1.214,0.089,,,100,,,,0,,HD 47366,99.42083335,-12.98500002,6.11,,,,,80,-0.02,1.81,7.3,K1III,1.61,4866,,
HD 47366 c,1.86,1.86,0,684.7,1.853,0.278,,,132,,,,0,,HD 47366,99.42083335,-12.98500002,6.11,,,,,80,-0.02,1.81,7.3,K1III,1.61,4866,,
HD 47536 b,5,5,0,430,1.61,0.2,,0.013266,260.8,,,,0,,HD 47536,99.4458333,-32.3397222,5.25,,,,,121.36,-0.68,0.94,23.47,K1 III,9.33,4380,,
HD 49674 b,0.1,0.1,0.98,4.94739,0.058,0.0495,,0.001425,263.9,,,,0,,HD 49674,102.875,40.8675,8.1,,,,,40.7,0.25,1.07,0.94,G5 V,2.38,5482,,
HD 50499 b,1.71,1.71,0,2482.7,3.86,0.23,,0.081676,262,,,,0,,HD 50499,103.0083333,-33.9155556,7.22,,,,,47.26,0.23,1.27,1.38,G IV,6,5902,IR Excess,
HD 50554 b,5.16,5.16,0,1293,2.41,0.5,,0.077667,355.7,,,,0,,HD 50554,103.675,24.2455556,6.86,,,,,31.03,-0.07,1.04,1.11,F8,4.58,5902,IR Excess,
HD 52265 b,1.05,1.05,0,119.6,0.5,0.35,,0.017857,211,,,,0,,HD 52265,105.075,-5.3669444,6.3,,,,,28,0.21,1.2,1.25,G0 V,4.88,6159,IR Excess,
HD 52265 c,0.35,0.35,0,59.9,0.316,0.05,,,358,,,,0,,HD 52265,105.075,-5.3669444,6.3,,,,,28,0.21,1.2,1.25,G0 V,4.88,6159,IR Excess,
HD 5319 b,1.94,1.94,0,675,1.75,0.12,,0.0175,76,,,,0,,HD 5319,13.7541667,0.7894444,8.05,,,,,100,0.15,1.56,3.26,G5IV,2.4,5052,,
HD 5319 c,1.15,1.15,0,886,2.071,0.15,,,252,,,,0,,HD 5319,13.7541667,0.7894444,8.05,,,,,100,0.15,1.56,3.26,G5IV,2.4,5052,,
HD 5583 b,5.78,5.78,0,139.35,0.53,0.076,,,12,,,,0,,HD 5583,14.48750002,34.98555558,7.6,,,,,221,-0.5,1.01,9.09,K0,7.4,4830,,
HD 564 b,0.33,0.33,0,492.3,1.2,0.096,,,314,,,,0,,HD 564,2.470833351,-50.26777778,8.29,,,,,54,0.13,0.92,1.01,G3V,5.5,5902,,
HD 5891 b,7.6,7.6,0,177.11,0.76,0.066,,0.003028,360,,,,0,,HD 5891,15.1375,20.2925,8.25,,,,,251,-0.02,1.91,8.7,G5D,1.5,4907,,
HD 6434 b,0.39,0.39,0,21.998,0.14,0.17,,0.003472,156,,,,0,,HD 6434,16.1666667,-39.4880556,7.72,,,,,40.32,-0.52,0.79,0.57,G3 IV,3.8,5835,,
HD 66141 b,6,6,0,480.5,1.2,0.07,,,22.1,,,,0,,HD 66141,120.5667,2.3344,4.39,,,,,80.9,-0.32,1.1,21.4,K2III,6.84,4305,,
HD 67087 b,3.06,3.06,0,352.2,1.08,0.17,,,284,,,,0,,HD 67087,121.9166667,31.5513889,8.05,,,,,88.8,0.25,1.36,1.55,F8 V,1.45,6330,,
HD 67087 c,4.85,4.85,0,2374,3.86,0.76,,,255,,,,0,,HD 67087,121.9166667,31.5513889,8.05,,,,,88.8,0.25,1.36,1.55,F8 V,1.45,6330,,
HD 68402 b,3.07,3.07,0,1103,2.18,0.03,,,341,,,,0,,HD 68402,121.35,-74.41055557,9.11,,,,,78,0.29,1.12,1.02,G5IV/V,2,5950,,
HD 68988 b,1.86,1.86,0,6.2771,0.0704,0.1249,,0.001224,31.4,,,,0,,HD 68988,124.5916667,61.4605556,8.21,,,,,58,0.24,1.2,1.14,G0,6.78,5767,,
HD 69830 b,0.143,0.0321,0,8.667,0.0785,0.1,13,0.00623,340,,,,0,,HD 69830,124.5958333,-12.6319444,5.95,,,,,12.6,-0.05,0.86,0.895,K0V,7,5385,IR Excess,
HD 69830 c,0.165,0.0371,0,31.56,0.186,0.13,13,0.014762,221,,,,0,,HD 69830,124.5958333,-12.6319444,5.95,,,,,12.6,-0.05,0.86,0.895,K0V,7,5385,IR Excess,
HD 69830 d,0.253,0.0569,0,197,0.63,0.07,13,0.05,224,,,,0,,HD 69830,124.5958333,-12.6319444,5.95,,,,,12.6,-0.05,0.86,0.895,K0V,7,5385,IR Excess,
HD 70642 b,2,2,0,2231,3.3,0.1,,0.114583,277,,,,0,,HD 70642,125.3666667,-39.7052778,7.17,,,,,28.8,0.16,1,0.84,G5 IV-V,3.88,5670,,
HD 7199 b,0.29,0.29,0,615,1.36,0.19,,0.037778,155,,,,0,,HD 7199,17.6958333,-66.1880556,8.06,,,,,36,0.28,0.89,0.96,KOIV/V,6.79,5386,,
HD 72659 b,3.15,3.15,0,3658,4.74,0.22,,0.095181,260.7,,,,0,,HD 72659,128.5125,-1.5680556,7.46,,,,,49.8,-0.02,0.95,1.36,G2 V,6.5,5926,,
HD 72892 b,5.45,5.45,0,39.475,0.228,0.423,,,353,,,,0,,HD 72892,128.7208334,-14.45666668,8.83,,,,,72.78,0.25,1.02,1.22,G5V,8,5688,,
HD 73256 b,1.87,1.87,0,2.54858,0.037,0.029,,0.001014,337.3,,,,0,,HD 73256,129.0958333,-30.0375,8.08,,,,,36.5,0.29,1.05,0.89,G8/K0,0.83,5570,,
HD 73267 b,3.06,3.06,0,1260,2.198,0.256,,0.040029,229.1,,,,0,,HD 73267,129.075,-34.46,8.9,,,,,54.91,0.03,0.89,1.04,G5V,7.4,5317,,
HD 73526 b,2.25,2.25,0,188.9,0.65,0.29,,0.006667,196,,,,0,,HD 73526,129.3166667,-41.3188889,9,,,,,99,0.25,1.08,1.49,G6 V,5.59,5590,IR Excess,
HD 73526 c,2.25,2.25,0,379.1,1.03,0.28,,0.010606,272,,,,0,,HD 73526,129.3166667,-41.3188889,9,,,,,99,0.25,1.08,1.49,G6 V,5.59,5590,IR Excess,
HD 74156 b,1.778,1.778,0,51.6385,0.2916,0.638,,0.004554,175.35,,,,0,,HD 74156,130.6041667,4.5780556,7.62,,,,,64.56,0.13,1.24,1.64,G1V,3.7,5960,,
HD 74156 c,7.997,7.997,0,2448.9,3.82,0.3829,,0.052664,268.9,,,,0,,HD 74156,130.6041667,4.5780556,7.62,,,,,64.56,0.13,1.24,1.64,G1V,3.7,5960,,
HD 7449 b,1.11,1.11,0,1275,2.3,0.82,,0.058974,339,,,,0,,HD 7449,18.6208333,-5.0475,7.5,,,,,39,-0.11,1.05,1.01,F8V,2.1,6024,,
HD 7449 c,2,2,0,4046,4.96,0.53,,0.127179,11,,,,0,,HD 7449,18.6208333,-5.0475,7.5,,,,,39,-0.11,1.05,1.01,F8V,2.1,6024,,
HD 75289 b,0.47,0.47,1.03,3.50928,0.046,0.0211,,0.001589,136.3,,,,0,,HD 75289,131.9166667,-41.7366667,6.35,,,,,28.94,0.29,1.05,1.25,G0 V,4.96,6120,,
HD 75898 b,2.51,2.51,0,418.2,1.19,0.1,,0.014768,263.7,,,,0,,HD 75898,133.4625,33.0569444,8.04,,,,,80.58,0.27,1.28,1.6,G0,3.8,6021,,
HD 76700 b,0.23,0.23,0.99,3.97101,0.049,0.0616,,0.000821,12.3,,,,0,,HD 76700,133.4791667,-66.8008333,8.13,,,,,59.7,0.14,1,1.33,G6 V,4.51,5726,,
HD 76920 b,3.93,3.93,0,415.4,1.149,0.856,,,352.9,,,,0,,HD 76920,133.8208333,-67.26555557,7.8,,,,,184.8,-0.11,1.17,7.47,K1III,7.1,4698,,
HD 80606 b,3.94,3.94,0.921,111.43637,0.449,0.93366,89.285,0.007688,300.651,,,,0,,HD 80606,140.6541667,50.6036111,8.93,,,,,58.4,0.43,0.98,0.98,G5,7.63,5645,,
HD 81040 b,6.86,6.86,0,1001.7,1.94,0.526,,0.059582,81.3,,,,0,,HD 81040,140.9458333,20.3644444,7.72,,,,,32.56,-0.16,0.96,0.86,G2/G3,4.18,5700,,
HD 82886 b,1.3,1.3,0,705,1.65,0.27,,0.0132,347,,,,0,,HD 82886,143.9375,34.7808333,7.78,,,,,125,-0.31,1.06,4.8,G0,7,5112,,
HD 82943 b,14,4.8,0,442.4,1.19,0.203,19.4,0.043336,107,,,,0,,HD 82943,143.7083333,-12.1294444,6.54,,,,,27.46,0.32,1.18,1.12,G0,3.08,5874,IR Excess,
HD 82943 c,14.4,4.78,0,219.3,0.746,0.425,19.4,0.027167,133,,,,0,,HD 82943,143.7083333,-12.1294444,6.54,,,,,27.46,0.32,1.18,1.12,G0,3.08,5874,IR Excess,
HD 83443 b,0.4,0.4,1.04,2.98572,0.0406,0.007,,0.000932,117.3,,,,0,,HD 83443,144.2958333,-43.2719444,8.23,,,,,43.54,0.35,0.9,1.04,K0 V,2.94,5460,,
HD 8574 b,2.11,2.11,0,227.55,0.77,0.288,,0.017421,3.6,,,,0,,HD 8574,21.3,28.5666667,7.12,,,,,44.2,0.05,1.17,1.37,F8,7.13,6080,,
HD 86081 b,1.5,1.5,1.08,1.99809,0.039,0.0575,,0.000429,332.6,,,,0,,HD 86081,149.025,-3.8083333,8.73,,,,,91,0.257,1.21,1.22,F8V,6.21,6028,,
HD 86264 b,7,7,0,1475,2.86,0.7,,0.039394,306,,,,0,,HD 86264,149.2416667,-15.895,7.42,,,,,72.6,0.202,1.42,1.88,F7V,2.24,6210,,
HD 8673 b,14.2,14.2,0,1634,3.02,0.723,,0.078954,323.4,,,,0,,HD 8673,21.5333333,34.5794444,7.57,,,,,38.25,0.14,1.35,1.39,F7 V,1.95,6472,,
HD 87883 b,81.9,12.1,0,2754,3.6,0.53,8.5,0.198895,191,,,,0,,HD 87883,152.1791667,34.2422222,7.57,,,,,18.1,0.093,0.82,0.76,K0V,9.8,4980,,
HD 88133 b,0.3,0.3,1,3.41566,0.047,0.0761,,0.000631,357.2,,,,0,,HD 88133,152.5291667,18.1866667,8.01,,,,,74.5,0.34,1.2,1.93,G5 IV,9.56,5494,,
HD 89307 b,2,2,0,2199,3.34,0.25,,0.108091,14,,,,0,,HD 89307,154.5875,12.6208333,7.06,,,,,30.9,-0.14,1.028,1.05,G0V,6.76,5950,,
HD 89744 b,8.9,7.2,0,256,0.88,0.7,54,0.022,195,,,,0,,HD 89744,155.5416667,41.2294444,5.74,,,,,40,0.18,1.4,2.14,F7 V,2.04,6196,,
HD 89744 c,3.2,3.2,0,85.2,0.44,0,,,360,,,,0,,HD 89744,155.5416667,41.2294444,5.74,,,,,40,0.18,1.4,2.14,F7 V,2.04,6196,,
HD 9174 b,1.11,1.11,0,1179,2.2,0.12,,,101,,,,0,,HD 9174,22.50416667,-19.60444446,8.4,,,,,78.93,0.39,1.03,1.67,G8IV,9,5577,,
HD 92788 b,27.7,3.86,0,325.81,0.97,0.334,8,0.029555,276.4,,,,0,,HD 92788,160.7,-2.1836111,7.31,,,,,32.82,0.32,1.13,0.99,G5,3.78,5559,,
HD 92788 c,0.9,0.9,0,162,0.6,0.04,,,360,,,,0,,HD 92788,160.7,-2.1836111,7.31,,,,,32.82,0.32,1.13,0.99,G5,3.78,5559,,
HD 95089 b,1.2,1.2,0,507,1.51,0.157,,0.010863,317,,,,0,,HD 95089,164.7,1.7291667,7.92,,,,,139,0.05,1.58,4.9,K0 IV,2.5,5002,,
HD 95127 b,5.01,5.01,0,482,1.28,0.11,,,40,,,,0,,HD 95127,164.8958333,43.81444447,8.15,,,,,300,-0.18,1.2,20,K0,5.5,4218,,
HD 96063 b,0.9,0.9,0,361.1,0.99,0.28,,0.006266,90,,,,0,,HD 96063,166.1833333,-2.5133333,8.37,,,,,158,-0.3,1.02,4.5,K0,9,5148,,
HD 96167 b,0.68,0.68,0,498.9,1.3,0.71,,0.015476,285,,,,0,,HD 96167,166.3125,-10.2913889,8.09,,,,,84,0.34,1.31,1.86,G5D,3.8,5770,,
HD 98219 b,1.8,1.8,0,436.9,1.23,0.21,,0.009179,47,,,,0,,HD 98219,169.45,-23.9752778,8.21,,,,,134,-0.02,1.3,4.5,K0III/IV,4,4992,,
HD 99492 b,0.079,0.079,0,17.054,0.123,0.07,,0.006844,240.7,,,,0,,HD 99492,171.6916667,3.0061111,7.38,,,,,18,0.36,0.83,0.96,K2V,4,4740,,
HD 99706 b,1.4,1.4,0,868,2.14,0.365,,0.016589,359,,,,0,,HD 99706,172.125,43.9666667,7.81,,,,,129,0.14,1.72,5.4,K0,2.1,4932,,
HIP 57274 b,0.036,0.036,0,8.1352,0.07,0.187,,0.002701,81,,,,0,,HIP 57274,176.1708333,30.9591667,8.96,,,,,25.92,0.09,0.73,0.68,K5V,7.87,4640,,
HIP 57274 c,0.41,0.41,0,32.03,0.178,0.05,,0.006867,256.2,,,,0,,HIP 57274,176.1708333,30.9591667,8.96,,,,,25.92,0.09,0.73,0.68,K5V,7.87,4640,,
HIP 57274 d,0.527,0.527,0,431.7,1.01,0.27,,0.038966,187.2,,,,0,,HIP 57274,176.1708333,30.9591667,8.96,,,,,25.92,0.09,0.73,0.68,K5V,7.87,4640,,
HR 810 b,2.26,2.26,0,320.1,0.925,0.161,,0.053873,83,,,,0,,HR 810,40.6291667,-50.8033333,5.4,,,,,17.17,0.25,1.11,1.85,G0V pecul.,3.6,5997,,
K2-106 c,0.018,,0.22,13.3397,0.105,0.18,89.35,,178,0.31,774,,0,,EPIC 220674823,13.0797796,10.7946987,12.1,,,,,253,-0.025,0.93,0.83,G5V,5,5814,,
K2-110 b,0.0525,,0.2312,13.86375,0.1021,0.079,89.35,,90,0.34,,,0,,K2-110,207.3495417,-12.2844889,11.91,,,,,118,-0.34,0.738,0.713,K3V,8,5010,,
K2-19 b,0.187,0.187,0.691,7.9194,0.077,0.119,88.83,,179,0.233,854,,0,,K2-19,174.9603334,0.603583348,12.806,12.567,11.596,11.208,11.161,291,0.1,0.93,0.86,G9V,8,5430,,
K2-19 c,0.031,,0.434,11.90715,0.1032,0.095,89.91,,237,0.367,745,,0,,K2-19,174.9603334,0.603583348,12.806,12.567,11.596,11.208,11.161,291,0.1,0.93,0.86,G9V,8,5430,,
KELT-1 b,27.38,,1.116,1.217514,0.02472,0.01,87.6,,61,,2423,,0,,KELT-1,0.358333342,39.38361112,10.7,,,,,263,0.052,1.335,1.471,F5,1.75,6516,,
KELT-4 A b,0.884,0.878,1.706,2.9895933,0.04321,0.03,83.11,,300,0.689,1827,,0,,KELT-4 A,157.0625458,25.57319446,,,,,,211,-0.116,1.204,1.61,F,4.38,6207,,
KELT-8 b,0.874,0.867,1.86,3.24406,0.04571,0.035,82.65,,85,0.763,1675,,0,,KELT-8,283.3041667,24.12750001,10.83,,,,,236,0.27,1.211,1.67,G2V,5.4,5754,,
KOI-1299 c,2.63,2.63,0,411,1.188,0.64,,,53.2,,,,0,,Kepler-432,293.2833333,48.28583334,13,,,,,874,-0.02,1.35,4.15,K2III,3.6,5020,,
Kapteyn's b,0.015102413,0.015102413,0,48.616,0.168,0.21,,,80.4,,,,0,,Kapteyn's,77.92083335,-45.01833334,8.8,,,,,3.91,-0.86,0.281,0.29,dM1,8,3550,,
Kepler-21 b,0.016,,0.1462,2.78578,0.0427172,0.02,83.2,0.000394,245,0.584,2025,,0,,Kepler-21,287.3625,38.7138889,8.27,,,,,108,-0.15,1.34,1.86,F6IV,2.84,6131,,
Kepler-289 b,0.023,0.023,0.192,34.545,0.21,0.024,89.59,,28,0.04,,,0,,Kepler-289,297.4653321,42.882851,12.9,,,,,700,0.05,1.08,1,,0.65,5990,,
Kepler-289 c,0.013,0.013,0.239,66.0634,0.33,0.0115,89.73,,72,0.05,,,0,,Kepler-289,297.4653321,42.882851,12.9,,,,,700,0.05,1.08,1,,0.65,5990,,
Kepler-289 d,0.415,0.415,1.034,125.8518,0.51,0.0033,89.794,,45,0.394,,,0,,Kepler-289,297.4653321,42.882851,12.9,,,,,700,0.05,1.08,1,,0.65,5990,,
Kepler-39 b,18,,1.22,21.0874,0.155,0.121,88.83,,98.9,,905,,0,,Kepler-39,296.9583333,46.0344444,14.3,,,,,1200,-0.29,1.1,1.39,F7IV,5.08,6260,,
Kepler-412 b,0.939,,1.325,1.720861232,0.02959,0.0038,80.89,,125,,,,0,,Kepler-412,286.1083333,43.68083336,13.73,,,,,1056,0.27,1.167,1.287,G3V,5.1,5750,,
Kepler-420 A b,1.45,,0.94,86.647661,0.382,0.772,89.66,,141.3,,511,,0,,Kepler-420 A,291.225,44.59416669,,,,,,900,0.27,0.99,1.13,G5V,9.3,5520,,
Kepler-432 b,5.41,5.41,1.45,52.501134,0.301,0.5121,88.17,,65.6,,,,0,,Kepler-432,293.2833333,48.28583334,13,,,,,874,-0.02,1.35,4.15,K2III,3.6,5020,,
Kepler-46 c,0.362,,0,57.004,0.2799,0.0145,87.25,0.000327,329.4,,,,0,,Kepler-46,289.2708333,42.6041667,15.3,,,,,857,0.41,0.902,0.94,,9.9,5155,,
Kepler-74 b,0.68,,1.32,7.340718,0.084,0.287,85.55,,64,,,,0,,Kepler-74,293.0916667,41.3555556,14.23,,,,,1330,0.34,1.4,1.51,F8V,2.9,6050,,
Kepler-75 b,9.9,,1.03,8.884924,0.08,0.569,89.1,,63.6,,,,0,,Kepler-75,291.1375,36.5775,15,,,,,1140,-0.07,0.88,0.88,G8V,6,5330,,
Kepler-88 c,0.626869808,0.625491615,0,22.3395,0.1529,0.05628,86.2,,270.76,,,,0,,Kepler-88,291.15,40.6694,13.5,,11.882,11.517,11.454,385,0.37,1.022,0.961,B,2.45,5513,,
Kepler-91 b,0.73,,1.384,6.24658,0.072,0.066,68.5,,316.8,,,,0,,Kepler-91,285.6708333,44.11666667,12.9,,,,,1030,0.11,1.31,6.3,,4.86,4550,,
TYC 4282-605-1 b,10.78,10.78,0,101.54,0.422,0.28,,,288.94,,,,0,, TYC 4282-605-1,343.8719088,62.23912473,10.58,,,,,700,-0.07,0.97,16.21,K,10.1,4300,,
WASP-10 b,3.16,,1.08,3.0927616,0.0371,0.057,86.8,0.000412,2.737,,,,0,,WASP-10,348.9916667,31.4627778,12.7,,,,,90,0.03,0.71,0.783,K5,0.8,4675,,
WASP-14 b,7.341,,1.281,2.2437661,0.036,0.087,84.79,0.000225,252.9,,,,0,,WASP-14,218.275,21.8947222,9.75,,,,,160,0,1.211,1.306,F5V,0.75,6475,,
WASP-140 b,2.44,,1.44,2.2359835,0.0323,0.047,83.3,,356,0.99,1320,,0,,WASP-140,60.38750001,-20.45111112,11.1,,,,,180,0.12,0.9,0.87,K0,1.6,5260,,
WASP-151 b,0.31,,1.13,4.533471,0.055,0,89.2,,310,,,,0,,WASP-151,349.0634167,0.306805567,12.9,,,,,480,0.1,1.077,1.14,G1,5.1,5871,,
WASP-18 b,10.43,,1.165,0.9414518,0.02047,0.0088,86,0.000205,269,,,,0,,WASP-18,24.3541667,-45.6777778,9.3,,,,,100,0,1.24,1.23,F6,0.63,6400,,
WASP-38 b,2.712,,1.079,6.871815,0.07551,0.0321,88.69,0.000686,341,,,,0,,WASP-38,243.9583333,10.0325,9.42,,,,,110,-0.12,1.216,1.365,F8,5,6150,,
WASP-50 b,1.437,,1.138,1.9550959,0.02913,0.009,84.74,0.000128,44,,,,0,,WASP-50,43.6875,-10.8980556,11.6,,,,,230,-0.12,0.861,0.855,G9,8.1,5400,,
WASP-6 b,0.503,,1.224,3.361006,0.0421,0.054,88.47,0.000137,1.7,,,,0,,WASP-6,348.1583333,-22.6738889,12.4,,,,,307,-0.2,0.888,0.87,G8,11,5450,,
WASP-8 b,2.244,,1.038,8.158715,0.0801,0.31,88.55,0.000921,274.27,,,,0,,WASP-8,359.9,-35.0313889,9.9,,,,,87,0.17,1.033,0.953,G6,4,5600,,
XO-2S b,0.259,0.259,0,18.157,0.1344,0.18,,,311.9,,,,0,,XO-2S,117.4041667,50.21750001,11.2,,,,,149,0.39,0.982,1.02,G9V,7.1,5399,,
XO-2S c,1.37,1.37,0,120.8,0.4756,0.1528,,,264.5,,,,0,,XO-2S,117.4041667,50.21750001,11.2,,,,,149,0.39,0.982,1.02,G9V,7.1,5399,,
XO-3 b,11.79,,1.217,3.1915239,0.0454,0.26,84.2,0.000175,345.8,,,,0,,XO-3,65.4708333,57.8169444,9.8,9.28,9.01,8.85,8.79,260,-0.08,1.41,1.49,F5V,2.82,6781,,
beta Cnc b,7.8,7.8,0,605.2,1.7,0.08,,,58.9,,,,0,,beta Cnc,124.1291667,9.185555561,3.5,,,,,92.99,-0.29,1.7,48.96,K4III,1.85,3990,,
beta Umi b,6.1,6.1,0,522.3,1.4,0.19,,,307.4,,,,0,,beta Umi,222.675,74.15555556,2.08,,,,,40.14,-0.27,1.4,42.06,K4III,2.95,4126,,
eps CrB b,6.7,6.7,0,417.9,1.3,0.11,,,133.1,,,,0,,eps CrB,239.3958,26.8778,4.14,,,,,67.9,-0.094,1.7,21,K2III,1.74,4406,,
eps Eridani b,3.09,1.55,0,2502,3.39,0.702,30.1,1.059375,47,,,,0,,eps Eridani,53.2291667,-9.4580556,3.73,,,,,3.2,-0.13,0.83,0.895,K2 V,0.66,5116,Imaging,
eps Tau b,7.34,7.34,0,594.9,1.9,0.151,,0.042889,94.4,,,,0,,eps Tau,67.1541667,19.1805556,3.53,,,,,45,0.17,2.7,13.7,K0 III,0.625,4901,,
gamma Cephei b,11.1,1.85,0,903.3,2.05,0.049,9.6,0.148658,94.6,,,,0,,gamma Cephei,354.8333333,77.6322222,3.22,,,,,13.79,0.18,1.4,4.9,K1III-IV,6.6,4800,,
kappa CrB b,1.6,1.6,0,1251,2.6,0.19,,0.086817,34,,,,0,,kappa CrB,237.8083333,35.6575,4.79,,3.04,2.04,2.42,31.1,0.14,1.51,5,K1IVa,2.5,4960,,
mu Ara b,1.676,1.676,0,643.25,1.5,0.128,,0.098039,22,,,,0,,mu Ara,266.0333333,-51.8338889,5.15,,,,,15.3,0.28,1.08,1.245,G3 IV-V,6.41,5700,,
mu Ara c,0.03321,0.03321,0,9.6386,0.09094,0.172,,0.005944,212.7,,,,0,,mu Ara,266.0333333,-51.8338889,5.15,,,,,15.3,0.28,1.08,1.245,G3 IV-V,6.41,5700,,
mu Ara d,0.5219,0.5219,0,310.55,0.921,0.0666,,0.060196,189.6,,,,0,,mu Ara,266.0333333,-51.8338889,5.15,,,,,15.3,0.28,1.08,1.245,G3 IV-V,6.41,5700,,
mu Ara e,1.814,1.814,0,4205.8,5.235,0.0985,,0.342157,57.6,,,,0,,mu Ara,266.0333333,-51.8338889,5.15,,,,,15.3,0.28,1.08,1.245,G3 IV-V,6.41,5700,,
mu Leo b,2.4,2.4,0,357.8,1.1,0.09,,,227.1,,,,0,,mu Leo,148.1916667,26.00694445,3.88,,,,,38.05,0.3,1.5,11.4,K2III,3.35,4538.2,,
tau Boo b,5.84,4.13,1.06,3.31249,0.046,0.0787,45,0.002949,218.4,,,,0,,tau Boo,206.8208333,17.4561111,4.5,,,,,15.6,0.28,1.3,1.331,F7 V,2.52,6309,,
tau Cet e,0.0124,0.0124,0,162.87,0.538,0.18,,,22,,,,0,,tau Cet,26.0167,-15.9375,3.5,,,,,3.65,-0.55,0.783,0.793,G8.5 V,5.8,5344,Imaging,
tau Cet f,0.0124,0.0124,0,636.13,1.334,0.16,,,120,,,,0,,tau Cet,26.0167,-15.9375,3.5,,,,,3.65,-0.55,0.783,0.793,G8.5 V,5.8,5344,Imaging,
tau Cet g,0.00551,0.00551,0,20,0.133,0.06,,,35,,,,0,,tau Cet,26.0167,-15.9375,3.5,,,,,3.65,-0.55,0.783,0.793,G8.5 V,5.8,5344,Imaging,
tau Cet h,0.00576,0.00576,0,49.41,0.243,0.23,,,7.4,,,,0,,tau Cet,26.0167,-15.9375,3.5,,,,,3.65,-0.55,0.783,0.793,G8.5 V,5.8,5344,Imaging,
tau Gem b,20.6,20.6,0,305.5,1.17,0.031,,,137.4,,,,0,,tau Gem,107.7833333,30.2452778,4.4,,,,,98.4,0.14,2.3,26.8,K2III,1.22,4388,,
ups And b,0.62,0.62,0,4.61711,0.059,0.01186,90,0.00438,44.519,,,,0,,ups And,24.2,41.4105556,4.09,,,,,13.47,0.09,1.27,1.631,F8 V,3.8,6212,,
ups And c,9.1,1.8,0,240.937,0.861,0.2445,11.347,0.06392,247.629,,,,0,,ups And,24.2,41.4105556,4.09,,,,,13.47,0.09,1.27,1.631,F8 V,3.8,6212,,
ups And d,23.58,10.19,0,1281.439,2.55,0.316,25.609,0.18931,252.991,,,,0,,ups And,24.2,41.4105556,4.09,,,,,13.47,0.09,1.27,1.631,F8 V,3.8,6212,,
ups And e,1.059,1.059,0,3848.86,5.2456,0.00536,,0.389428,7.3,,,,0,,ups And,24.2,41.4105556,4.09,,,,,13.47,0.09,1.27,1.631,F8 V,3.8,6212,,